"JobID","CustID","พน.ขาย","วันที่ติดตั้ง","เวลานัด","ประเภทลูกค้า","รุ่นรถยนต์","ทะเบียนรถ","ป้าย","ยี่ห้อฟิล์ม","ตำแหน่งติดตั้ง","มูลค่าสินค้า","ส่วนลด","รหัสส่วนลด","ยอดขาย","การรับประกัน","Pro_ID","WA_ID","หมายเหตุ","Status","Colorstatus","รูปภาพ_01","รูปภาพ_02","รูปภาพ_03","วันที่ลงรายการ","พนง.ขาย","การติดตั้ง","โปรโมชั่น","Warranty","ColorStatus"
"JOB-260518-F05","CUST-260518-3C5","พี่เมย์","1/5/2569","8:30:00","ลูกค้าใหม่","Toyota Fortuner","7ขค 4588","ขาว","Hi-Kool CM","เต็มคัน","5500","0","","5500","ศูนย์","Pro_Apr26","WA-260518-68D","","เสร็จสิ้น","Green","","","","18/5/2569 11:22:57","","","","",""
"JOB-260518-786","CUST-260518-28B","นัท","1/5/2569","8:30:00","ลูกค้าใหม่","Isuzu mu-x","4 กย 9175","ขาว","3M Absolute","เต็มคัน","6800","0","","6800","ศูนย์","Pro_Apr26","WA-260518-C22","","เสร็จสิ้น","Green","","","","18/5/2569 12:13:21","","","","",""
"JOB-260518-CE5","CUST-260518-184","นัท","18/5/2569","10:00:00","ลูกค้าใหม่","Changan Deepal S05","ภ 1318","แดง","3M Ultra Clear","เต็มคัน , ซันรูฟ","13200","0","","13200","ศูนย์","Pro_May26","WA-260518-99A","","เสร็จสิ้น","Green","","","","18/5/2569 12:20:43","","","","",""
"JOB-260518-195","CUST-260518-3C6","นัท","1/5/2569","10:00:00","ลูกค้าใหม่","Benz W212","3 กภ 468","ขาว","Hi-Kool Beyond","เต็มคัน","10000","0","","10000","ศูนย์","Pro_Apr26","WA-260518-BEB","","เสร็จสิ้น","Green","","","","18/5/2569 13:59:48","","","","",""
"JOB-260518-297","CUST-260518-286","นัท","1/5/2569","10:00:00","ลูกค้าใหม่","Honda Civic","9 กร 979","ขาว","3M Absolute","เต็มคัน","5300","0","","5300","ศูนย์","Pro_Apr26","WA-260520-4A0","","เสร็จสิ้น","Green","","","","18/5/2569 15:32:45","","","","",""
"JOB-260518-3D0","CUST-260518-185","พี่เมย์","1/5/2569","10:00:00","ลูกค้าใหม่","Honda Jazz","กม 214","ขาว","IZY-KOOL ORIGINAL","เต็มคัน","2600","0","","2600","ร้าน","Pro_Apr26","WA-260520-1F5","","เสร็จสิ้น","Green","","","","18/5/2569 15:34:59","","","","",""
"JOB-260518-ED4","CUST-260518-768","นัท","1/5/2569","13:00:00","ลูกค้าใหม่","Honda HRV","7กญ 9687","ขาว","3M Absolute","เต็มคัน","5600","0","","5600","ศูนย์","Pro_Apr26","WA-260529-F80","","เสร็จสิ้น","Green","","","","18/5/2569 15:36:49","","","","",""
"JOB-260518-F77","CUST-260518-3C7","พี่เมย์","1/5/2569","13:00:00","ลูกค้าใหม่","Honda BR-V","7ขท 2438","ขาว","G-TEC","เต็มคัน","4000","0","","4000","ร้าน","Pro_Apr26","WA-260529-D78","","เสร็จสิ้น","Green","","","","18/5/2569 15:38:21","","","","",""
"JOB-260518-67E","CUST-260518-288","พี่เมย์","1/5/2569","13:00:00","ลูกค้าใหม่","Toyota Altis","กท 3377","ขาว","G-TEC","เต็มคัน","3200","0","","3200","ร้าน","Pro_Apr26","WA-260529-65C","","เสร็จสิ้น","Green","","","","18/5/2569 15:39:37","","","","",""
"JOB-260518-91B","CUST-260518-186","พี่เมย์","1/5/2569","15:00:00","ลูกค้าใหม่","Toyota Vios","กว 6414","ขาว","G-TEC","เต็มคัน","3000","0","","3000","ร้าน","Pro_Apr26","WA-260529-61F","","เสร็จสิ้น","Green","","","","18/5/2569 15:40:22","","","","",""
"JOB-260518-71A","CUST-260518-769","พี่เมย์","1/5/2569","15:00:00","ลูกค้าเคลม","Mazda 2","6 กฉ 5591","ขาว","3M Ultra Clear","บานหน้า","4400","","","4400","ศูนย์","Mistake","WA-260519-3A7","","เสร็จสิ้น","Green","","","","18/5/2569 15:41:14","","","","",""
"JOB-260518-159","CUST-260518-28B","นัท","1/5/2569","15:00:00","งานแก้(ในวัน)","Isuzu mu-x","4 กย 9175","ขาว","3M Absolute","บานหน้า","3100","","","3100","ศูนย์","Mistake","WA-260518-C22","","เสร็จสิ้น","Green","","","","18/5/2569 15:43:14","","","","",""
"JOB-260518-AA6","CUST-260518-4CF","นัท","18/5/2569","13:00:00","ลูกค้าใหม่","Changan Deepal S07","4 กษ 8889","ขาว","3M Absolute","บานหน้า","2700","0","","2700","ร้าน","Pro_May26","WA-260518-68B","","เสร็จสิ้น","Green","","","","18/5/2569 15:49:36","","","","",""
"JOB-260518-D47","CUST-260518-522","นัท","18/5/2569","13:00:00","ลูกค้าใหม่","Benz CLK W209","ชง 1117","กราฟฟิก","G-TEC","เต็มคัน","3600","450","ส่วนลดลูกค้าเก่า","3150","ร้าน","Pro_May26","WA-260518-6FA","","เสร็จสิ้น","Green","","","","18/5/2569 15:50:31","","","","",""
"JOB-260518-518","CUST-260518-C0E","นัท","31/5/2569","10:00:00","ลูกค้าเคลม","Toyota Altis","2 กฌ 8459","ขาว","Hi-Kool CM","บานหน้า","1900","","","1900","ศูนย์","Mistake","WA-260518-249","บานหน้า50","ยกเลิก","Red","","","","18/5/2569 16:37:42","","","","",""
"JOB-260518-42E","CUST-260518-5B5","พี่เมย์","19/5/2569","10:00:00","ลูกค้าใหม่","Honda Civic","5กณ 4275","ขาว","Hi-Kool Beyond","เต็มคัน","8700","0","","8700","ศูนย์","Pro_May26","WA-260519-FA4","","เสร็จสิ้น","Green","","","","18/5/2569 16:56:21","","","","",""
"JOB-260519-956","CUST-260519-522","นัท","19/5/2569","10:00:00","ลูกค้าใหม่","Honda City","7 กร 8252","ขาว","3M Absolute","เต็มคัน","6800","","","6800","ศูนย์","Pro_May26","WA-260519-2CE","","เสร็จสิ้น","Green","","","","19/5/2569 14:00:20","","","","",""
"JOB-260519-2BD","CUST-260519-6EC","นัท","19/5/2569","13:00:00","ลูกค้าใหม่","Subaru XV","9 กท 9855","ขาว","3M Absolute","บานหน้า","2700","","","2700","ร้าน","Pro_May26","WA-260519-65A","","เสร็จสิ้น","Green","","","","19/5/2569 14:05:19","","","","",""
"JOB-260519-539","CUST-260519-1B4","นัท","20/5/2569","8:00:00","ลูกค้าใหม่","GAC M8 PHEV","1 ขภ 1155","ขาว","3M Ultra Clear","ประตูหลัง-ซ้าย , ประตูหลัง-ขวา","3800","","","3800","ร้าน","Pro_May26","WA-260520-843","","เสร็จสิ้น","Green","","","","19/5/2569 15:05:31","","","","",""
"JOB-260519-B62","CUST-260519-CAB","นัท","20/5/2569","10:00:00","ลูกค้าใหม่","Honda Civic","ขน 2096","ขาว","Hi-Kool CM","บานหน้า","1900","","","1900","ร้าน","Pro_May26","WA-260520-C70","","เสร็จสิ้น","Green","","","","19/5/2569 15:15:28","","","","",""
"JOB-260519-DC1","CUST-260519-C2D","นัท","20/5/2569","13:00:00","ลูกค้าใหม่","Tesla Model Y","7 ขภ 6751","ขาว","3M Ceramate","เต็มคัน","5000","100","Review: Facebook","4900","ศูนย์","Pro_May26","WA-260520-CA9","","เสร็จสิ้น","Green","","","","19/5/2569 15:17:44","","","","",""
"JOB-260519-438","CUST-260519-4BA","นัท","20/5/2569","13:00:00","ลูกค้าใหม่","Ford Fiesta","ฌฉ 5777","ขาว","3M Ceramate","บานหน้า","1600","","","1600","ร้าน","Pro_May26","WA-260520-E23","","เสร็จสิ้น","Green","","","","19/5/2569 15:20:31","","","","",""
"JOB-260519-609","CUST-260519-126","นัท","22/5/2569","10:00:00","ลูกค้าใหม่","Isuzu D-Max Spacecab","ณษ 4415","ขาว","G-TEC","เต็มคัน","2782","","","2782","ร้าน","Pro_May26","WA-260522-D81","","เสร็จสิ้น","Green","","","","19/5/2569 15:23:19","","","","",""
"JOB-260519-392","CUST-260519-E7C","นัท","23/5/2569","8:30:00","ลูกค้าใหม่","BMW 330E","8 กณ 882","ขาว","Hi-Kool CM","เต็มคัน","4800","","","4800","ศูนย์","Pro_May26","WA-260526-863","","เสร็จสิ้น","Green","","","","19/5/2569 15:28:09","","","","",""
"JOB-260519-433","CUST-260519-AAE","นัท","23/5/2569","13:00:00","ลูกค้าใหม่","Honda CRV","ฎน 8993","ขาว","รอเลือก","บานหน้า","0","","","0","ร้าน","Pro_May26","","","ยกเลิก","Red","","","","19/5/2569 15:30:48","","","","",""
"JOB-260519-56C","CUST-260519-D0D","นัท","4/5/2569","10:00:00","ลูกค้าใหม่","Toyota Camry","ก 3875","ขาว","3M Ultra Clear","เต็มคัน","11500","","","11500","ศูนย์","Pro_May26","WA-260519-38C","","เสร็จสิ้น","Green","","","","19/5/2569 15:42:27","","","","",""
"JOB-260519-B35","CUST-260519-20E","นัท","4/5/2569","10:00:00","ลูกค้าใหม่","Toyota Altis","2 กพ 6092","ขาว","3M Ceramate","เต็มคัน","3700","","","3700","ศูนย์","Pro_May26","WA-260529-C63","","เสร็จสิ้น","Green","","","","19/5/2569 16:09:29","","","","",""
"JOB-260519-B72","CUST-260519-176","นัท","4/5/2569","13:00:00","ลูกค้าใหม่","Toyota Altis","ณ 5371","แดง","3M Crystalline","เต็มคัน","19600","","","19600","ศูนย์","Pro_May26","WA-260529-C23","","เสร็จสิ้น","Green","","","","19/5/2569 16:34:33","","","","",""
"JOB-260519-776","CUST-260519-9E9","นัท","4/5/2569","13:00:00","ลูกค้าใหม่","Toyota CHR","8 กร 9870","ขาว","3M Absolute","เต็มคัน","5400","","","5400","ศูนย์","Pro_May26","WA-260529-4BA","","เสร็จสิ้น","Green","","","","19/5/2569 16:37:13","","","","",""
"JOB-260519-B80","CUST-260519-A11","นัท","4/5/2569","13:00:00","ลูกค้าใหม่","Toyota Yaris Cross","ร 3824","ขาว","3M Ultra Clear","เต็มคัน","9200","","","9200","ศูนย์","Pro_May26","WA-260529-2F8","","เสร็จสิ้น","Green","","","","19/5/2569 16:39:01","","","","",""
"JOB-260519-14E","CUST-260519-24B","นัท","4/5/2569","13:00:00","ลูกค้าใหม่","Toyota Vios","4 กต 3505","ขาว","Hi-Kool CM","เต็มคัน","4300","","","4300","ศูนย์","Pro_May26","WA-260529-62B","","เสร็จสิ้น","Green","","","","19/5/2569 16:50:08","","","","",""
"JOB-260519-E92","CUST-260519-81B","นัท","4/5/2569","15:00:00","ลูกค้าใหม่","MG ZS","9 ก 9365","ขาว","3M Ultra Clear","เต็มคัน","8900","","","8900","ศูนย์","Pro_May26","WA-260529-686","","เสร็จสิ้น","Green","","","","19/5/2569 16:51:55","","","","",""
"JOB-260520-9DF","CUST-260520-8B0","พี่เมย์","22/5/2569","14:00:00","ลูกค้าใหม่","Toyota HIACE","นข 4364","ขาว","3M Ceramate","เต็มคัน","5400","","","5400","ศูนย์","Pro_May26","WA-260522-6F0","","เสร็จสิ้น","Green","","","","20/5/2569 9:18:03","","","","",""
"JOB-260520-907","CUST-260518-C0E","นัท","5/5/2569","10:00:00","ลูกค้าใหม่","Toyota Altis","2 กฌ 8459","ขาว","Hi-Kool CM","เต็มคัน","4300","","","4300","ศูนย์","Pro_May26","WA-260518-249","","เสร็จสิ้น","Green","","","","20/5/2569 9:54:19","","","","",""
"JOB-260520-3AB","CUST-260520-384","นัท","5/5/2569","10:00:00","ลูกค้าใหม่","Lexus ES 300h","2 กฮ 958","ขาว","Hi-Kool Beyond","เต็มคัน","9400","","","9400","ศูนย์","Pro_May26","WA-260520-206","","เสร็จสิ้น","Green","","","","20/5/2569 10:00:47","","","","",""
"JOB-260520-FA9","CUST-260520-60E","นัท","20/5/2569","13:00:00","ลูกค้าใหม่","Mitsubishi XForce","3 ขน 7400","ขาว","3M CM Plus","บานหลัง","900","","","900","ร้าน","Pro_May26","WA-260520-21A","","เสร็จสิ้น","Green","","","","20/5/2569 13:05:57","","","","",""
"JOB-260520-270","CUST-260520-0B0","นัท","5/5/2569","13:00:00","ลูกค้าใหม่","Honda HRV","6 กผ 2078","ขาว","3M Ceramate","เต็มคัน","4100","","","4100","ศูนย์","Pro_May26","WA-260520-131","","เสร็จสิ้น","Green","","","","20/5/2569 14:02:39","","","","",""
"JOB-260520-D76","CUST-260520-6A2","นัท","5/5/2569","13:00:00","ลูกค้าใหม่","Toyota Camry","8 กจ 760","ขาว","Hi-Kool CM","เต็มคัน","4600","","","4600","ศูนย์","Pro_May26","WA-260520-261","","เสร็จสิ้น","Green","","","","20/5/2569 14:07:08","","","","",""
"JOB-260520-E07","CUST-260520-3D4","นัท","5/5/2569","15:00:00","ลูกค้าใหม่","Toyota Camry","ฏช 4692","ขาว","3M Ceramate","เต็มคัน","4100","","","4100","ศูนย์","Pro_May26","WA-260520-88C","","เสร็จสิ้น","Green","","","","20/5/2569 14:11:47","","","","",""
"JOB-260520-32B","CUST-260520-B1A","นัท","6/5/2569","8:30:00","ลูกค้าใหม่","Isuzu D-Max Spacecab","ถฬ 2973","ขาว","3M Ultra Clear","บานหน้า","4400","","","4400","ร้าน","Pro_May26","WA-260520-FFE","","เสร็จสิ้น","Green","","","","20/5/2569 14:22:32","","","","",""
"JOB-260520-976","CUST-260520-505","นัท","6/5/2569","10:00:00","ลูกค้าใหม่","Mazda BT-50","ฒฬ 9233","ขาว","3M Absolute","เต็มคัน","5500","","","5500","ศูนย์","Pro_May26","WA-260520-DAA","","เสร็จสิ้น","Green","","","","20/5/2569 14:39:57","","","","",""
"JOB-260520-170","CUST-260520-F6E","นัท","6/5/2569","10:00:00","ลูกค้าเคลม","Honda Civic FC","7 กว 4562","ขาว","3M Ceramate","บานหลัง","1600","0","","1600","ร้าน","Mistake","WA-260521-F87","-","เสร็จสิ้น","Green","","","","11/6/2569 8:59:38","","","","",""
"JOB-260520-EEF","CUST-260520-198","นัท","6/5/2569","13:00:00","ลูกค้าใหม่","Mitsubishi Triton Cab","ฒล 3484","ขาว","G-TEC","เต็มคัน","2600","","","2600","ร้าน","Pro_May26","WA-260520-815","","เสร็จสิ้น","Green","","","","20/5/2569 15:27:40","","","","",""
"JOB-260521-A7E","CUST-260521-ECD","นัท","21/5/2569","8:30:00","ลูกค้าใหม่","Honda Jazz","ฆง 7772","ขาว","3M Absolute","เต็มคัน","6800","200","Review: Google Map , Review: Facebook","6600","ศูนย์","Pro_May26","WA-260521-12F","","เสร็จสิ้น","Green","","","","21/5/2569 8:58:11","","","","",""
"JOB-260521-8F3","CUST-260521-B5A","นัท","25/5/2569","13:00:00","ลูกค้าใหม่","Honda HRV","9 กย 8166","ขาว","Hi-Kool CM","เต็มคัน","4400","","","4400","ศูนย์","Pro_May26","WA-260525-C38","","เสร็จสิ้น","Green","","","","21/5/2569 9:04:06","","","","",""
"JOB-260521-C03","CUST-260521-62B","นัท","6/5/2569","14:00:00","ลูกค้าเคลม","Honda HRV","7 กษ 9465","ขาว","G-TEC","บานหน้า","1300","","","1300","ร้าน","Mistake","","","เสร็จสิ้น","Green","","","","21/5/2569 9:12:33","","","","",""
"JOB-260521-0A3","CUST-260521-3B4","นัท","6/5/2569","15:00:00","ลูกค้าใหม่","Mitsubishi Triton 4D","งน 1107","ขาว","Hi-Kool CM","เต็มคัน","3700","","","3700","ศูนย์","Pro_May26","WA-260521-C8E","","เสร็จสิ้น","Green","","","","21/5/2569 9:15:50","","","","",""
"JOB-260521-24C","CUST-260521-62B","นัท","7/5/2569","8:30:00","ลูกค้าเคลม","Honda HRV","7 กษ 9465","ขาว","G-TEC","บานหลัง","800","","","800","ร้าน","Mistake","","","เสร็จสิ้น","Green","","","","21/5/2569 9:24:13","","","","",""
"JOB-260521-E82","CUST-260521-E3A","นัท","21/5/2569","10:00:00","ลูกค้าใหม่","Benz E200","วค 66","ขาว","Hi-Kool CM","เต็มคัน","5136","","","5136","ศูนย์","Pro_May26","WA-260521-855","","เสร็จสิ้น","Green","","","","21/5/2569 9:47:41","","","","",""
"JOB-260521-C96","CUST-260521-4BA","นัท","7/5/2569","10:00:00","ลูกค้าใหม่","Isuzu mu-7","ญห 6039","ขาว","3M Ceramate","เต็มคัน","5000","","","5000","ศูนย์","Pro_May26","WA-260521-19D","","เสร็จสิ้น","Green","","","","21/5/2569 10:06:32","","","","",""
"JOB-260521-D3B","CUST-260521-112","นัท","7/5/2569","10:00:00","ลูกค้าใหม่","GWM Tank300","อ 4900","แดง","3M Ultra Clear","เต็มคัน","11700","","","11700","ศูนย์","Pro_May26","","","เสร็จสิ้น","Green","","","","21/5/2569 10:10:34","","","","",""
"JOB-260521-C87","CUST-260521-A2D","นัท","21/5/2569","10:00:00","ลูกค้าใหม่","Nissan Teana","1 กง 7103","ขาว","Hi-Kool CM","เต็มคัน","4800","","","4800","ศูนย์","Pro_May26","WA-260521-C7E","","เสร็จสิ้น","Green","","","","21/5/2569 11:41:28","","","","",""
"JOB-260521-60E","CUST-260521-704","นัท","21/5/2569","13:00:00","ลูกค้าใหม่","MG ZS","1 ขธ 5047","ขาว","3M Absolute","บานหน้า , ประตูหน้า-ซ้าย , ประตูหน้า-ขวา","4700","","","4700","ร้าน","Pro_May26","WA-260521-272","","เสร็จสิ้น","Green","","","","21/5/2569 11:43:05","","","","",""
"JOB-260521-FEA","CUST-260521-223","นัท","21/5/2569","13:00:00","ลูกค้าใหม่","Toyota Altis","6 กจ 5655","ขาว","Hi-Kool R","เต็มคัน","3000","200","Review: Google Map , Review: Facebook","2800","ร้าน","Pro_May26","WA-260521-0FB","","เสร็จสิ้น","Green","","","","21/5/2569 14:25:06","","","","",""
"JOB-260521-EDA","CUST-260521-BD5","นัท","21/5/2569","13:00:00","ลูกค้าใหม่","Honda CRV","ม 8723","แดง","3M Crystalline","เต็มคัน","30000","","","30000","ศูนย์","Pro_May26","WA-260522-B04","","เสร็จสิ้น","Green","","","","21/5/2569 14:26:32","","","","",""
"JOB-260521-B6B","CUST-260521-2B2","นัท","21/5/2569","15:00:00","ลูกค้าใหม่","Honda Civic","วย 7090","ขาว","3M Absolute","เต็มคัน","6800","300","Review: Google Map , Review: Facebook","6500","ศูนย์","Pro_May26","WA-260522-655","","เสร็จสิ้น","Green","","","","21/5/2569 14:28:13","","","","",""
"JOB-260521-5DF","CUST-260521-F90","นัท","7/5/2569","10:00:00","ลูกค้าใหม่","Nissan X-Trail","1 ขล 8005","ขาว","3M Absolute","เต็มคัน","6500","","","6500","ศูนย์","Pro_May26","WA-260521-203","","เสร็จสิ้น","Green","","","","21/5/2569 15:04:50","","","","",""
"JOB-260521-2A6","CUST-260521-6A2","นัท","7/5/2569","13:00:00","ลูกค้าใหม่","Toyota Sienta","6 กท 7446","ขาว","G-TEC","เต็มคัน","4000","","","4000","ร้าน","Pro_May26","WA-260521-B6A","","เสร็จสิ้น","Green","","","","21/5/2569 15:33:06","","","","",""
"JOB-260521-68E","CUST-260518-28B","นัท","7/5/2569","15:00:00","ลูกค้าเคลม","Isuzu mu-x","4 กย 9175","ขาว","3M Absolute","บานหน้า","3100","","","3100","ร้าน","Mistake","WA-260518-C22","","เสร็จสิ้น","Green","","","","21/5/2569 16:18:27","","","","",""
"JOB-260522-A9B","CUST-260522-71B","นัท","22/5/2569","10:00:00","ลูกค้าใหม่","Suzuki Swift","2 กฌ 556","ขาว","G-TEC","เต็มคัน","2800","","","2800","ร้าน","Pro_May26","WA-260522-962","","เสร็จสิ้น","Green","","","","22/5/2569 8:26:37","","","","",""
"JOB-260522-D9E","CUST-260522-CBF","นัท","22/5/2569","13:00:00","ลูกค้าใหม่","Ford Ranger 4D","3ขบ 8385","ขาว","3M Absolute","เต็มคัน","5800","200","Review: Google Map , Review: Facebook","5600","ศูนย์","Pro_May26","WA-260522-102","","เสร็จสิ้น","Green","","","","22/5/2569 8:28:33","","","","",""
"JOB-260522-008","CUST-260519-E7C","นัท","23/5/2569","8:30:00","ลูกค้าใหม่","BMW 330E","8 กณ 882","ขาว","รอเลือก","เต็มคัน","0","","","0","ศูนย์","Pro_May26","WA-260526-863","","ยกเลิก","Red","","","","22/5/2569 8:36:46","","","","",""
"JOB-260522-006","CUST-260522-7DE","นัท","23/5/2569","8:30:00","ลูกค้าใหม่","Honda Civic FC","7 กฌ 1544","ขาว","Hi-Kool Beyond","เต็มคัน","8700","","","8700","ศูนย์","Pro_May26","WA-260526-67A","","เสร็จสิ้น","Green","","","","22/5/2569 8:40:06","","","","",""
"JOB-260522-3C9","CUST-260522-191","นัท","23/5/2569","10:00:00","ลูกค้าใหม่","Toyota Fortuner Legender","1 ขผ 3551","ขาว","Hi-Kool CM","เต็มคัน","5400","","","5400","ศูนย์","Pro_May26","WA-260529-CFB","","เสร็จสิ้น","Green","","","","22/5/2569 8:41:29","","","","",""
"JOB-260522-B2E","CUST-260522-4CA","นัท","23/5/2569","10:00:00","ลูกค้าใหม่","Toyota Yaris ATIV","9 กฐ 4653","ขาว","3M Ceramate","เต็มคัน","4000","","","4000","ศูนย์","Pro_May26","WA-260529-51D","","เสร็จสิ้น","Green","","","","22/5/2569 8:43:08","","","","",""
"JOB-260522-19F","CUST-260519-AAE","นัท","23/5/2569","13:00:00","ลูกค้าเก่า","Honda CRV","ฎน 8993","ขาว","รอเลือก","บานหน้า","0","","","0","ร้าน","Pro_May26","","","ยกเลิก","Red","","","","22/5/2569 8:44:29","","","","",""
"JOB-260522-3D1","CUST-260522-8EB","นัท","8/5/2569","10:00:00","ลูกค้าใหม่","Honda Jazz","7 กฬ 1201","ขาว","3M Ultra Clear","ประตูหน้า-ซ้าย , ประตูหน้า-ขวา","2600","","","2600","ร้าน","Pro_May26","WA-260522-E54","","เสร็จสิ้น","Green","","","","22/5/2569 9:15:47","","","","",""
"JOB-260522-999","CUST-260522-5E2","นัท","8/5/2569","13:00:00","ลูกค้าใหม่","Mazda 2","ญย 5593","ขาว","G-TEC","เต็มคัน","3200","","","3200","ร้าน","Pro_May26","WA-260522-4AC","","เสร็จสิ้น","Green","","","","22/5/2569 9:21:50","","","","",""
"JOB-260522-7EA","CUST-260522-B56","นัท","8/5/2569","13:00:00","ลูกค้าใหม่","Ford Focus","งจ 8275","ขาว","G-TEC","บานหน้า","1300","","","1300","ร้าน","Pro_May26","WA-260522-B8C","","เสร็จสิ้น","Green","","","","22/5/2569 9:27:41","","","","",""
"JOB-260522-CCF","CUST-260522-24D","นัท","8/5/2569","13:00:00","ลูกค้าใหม่","Toyota Voxy","4 ขข 172","ขาว","3M Ultra Clear","บานหน้า , ประตูหน้า-ซ้าย , ประตูหน้า-ขวา","10000","","","10000","ร้าน","Pro_May26","WA-260522-139","","เสร็จสิ้น","Green","","","","22/5/2569 9:31:10","","","","",""
"JOB-260522-23F","CUST-260522-426","นัท","9/5/2569","8:30:00","ลูกค้าใหม่","BYD ATTO3","ฏ 0218","ขาว","3M Ultra Clear","เต็มคัน","9000","","","9000","ศูนย์","Pro_May26","WA-260522-7F5","","เสร็จสิ้น","Green","","","","22/5/2569 9:35:38","","","","",""
"JOB-260522-983","CUST-260522-A3B","นัท","9/5/2569","8:30:00","ลูกค้าใหม่","Toyota Vellfire","7 ขบ 2691","ขาว","3M Ultra Clear","เต็มคัน , ซันรูฟ","15400","","","15400","ศูนย์","Pro_May26","WA-260522-243","","เสร็จสิ้น","Green","","","","22/5/2569 9:39:46","","","","",""
"JOB-260522-E54","CUST-260522-264","นัท","9/5/2569","10:00:00","ลูกค้าใหม่","Honda Civic FB","1 กจ 5725","ขาว","3M Ceramate","เต็มคัน","4000","","","4000","ศูนย์","Pro_May26","WA-260522-3CC","","เสร็จสิ้น","Green","","","","22/5/2569 10:35:42","","","","",""
"JOB-260522-9E4","CUST-260522-5E6","นัท","9/5/2569","10:00:00","ลูกค้าใหม่","Honda Civic FC","5 กว 9874","ขาว","3M Ultra Clear","เต็มคัน","9900","","","9900","ศูนย์","Pro_May26","WA-260522-075","","เสร็จสิ้น","Green","","","","22/5/2569 10:39:47","","","","",""
"JOB-260522-82C","CUST-260522-C56","นัท","9/5/2569","13:00:00","ลูกค้าใหม่","Toyota CHR","8 กร 9509","ขาว","3M Absolute","บานหน้า","2700","","","2700","ร้าน","Pro_May26","WA-260522-577","","เสร็จสิ้น","Green","","","","22/5/2569 10:43:21","","","","",""
"JOB-260522-30E","CUST-260522-E28","นัท","9/5/2569","13:00:00","ลูกค้าใหม่","Honda CRV","4 กภ 6814","ขาว","G-TEC","เต็มคัน","3700","","","3700","ร้าน","Pro_May26","WA-260522-EEF","","เสร็จสิ้น","Green","","","","22/5/2569 10:46:15","","","","",""
"JOB-260522-2EB","CUST-260522-0CA","นัท","9/5/2569","13:00:00","ลูกค้าใหม่","Mazda 3 skyactiv","5 กพ 5628","ขาว","G-TEC","เต็มคัน","3200","","","3200","ร้าน","Pro_May26","WA-260522-C9B","","เสร็จสิ้น","Green","","","","22/5/2569 10:50:20","","","","",""
"JOB-260522-582","CUST-260522-828","นัท","9/5/2569","15:00:00","ลูกค้าใหม่","Honda Accord","5 กบ 7759","ขาว","3M Absolute","บานหน้า , บานหลัง","5400","","","5400","ร้าน","Pro_May26","WA-260522-597","","เสร็จสิ้น","Green","","","","22/5/2569 14:48:18","","","","",""
"JOB-260522-497","CUST-260522-D8D","นัท","9/5/2569","15:00:00","ลูกค้าใหม่","BMW 320D","6 ขจ 6935","ขาว","G-TEC","เต็มคัน","3600","","","3600","ร้าน","Pro_May26","WA-260522-7E1","","เสร็จสิ้น","Green","","","","22/5/2569 14:53:03","","","","",""
"JOB-260522-1C0","CUST-260522-A21","นัท","11/5/2569","8:00:00","ลูกค้าใหม่","Honda Civic","กค 381","ขาว","3M Ultra Clear","เต็มคัน","9900","","","9900","ศูนย์","Pro_May26","WA-260522-9FA","","เสร็จสิ้น","Green","","","","22/5/2569 15:17:39","","","","",""
"JOB-260522-24A","CUST-260522-8DB","นัท","11/5/2569","10:00:00","ลูกค้าใหม่","Toyota Avanza","กฆ 1631","ขาว","3M FX","ประตูหน้า-ซ้าย , ประตูหน้า-ขวา","1000","","","1000","ร้าน","Pro_May26","WA-260522-B3E","","เสร็จสิ้น","Green","","","","22/5/2569 15:21:11","","","","",""
"JOB-260522-98C","CUST-260522-A1E","นัท","11/5/2569","10:00:00","ลูกค้าใหม่","BMW X1","ญอ 792","ขาว","G-TEC","เต็มคัน","3500","","","3500","ร้าน","Pro_May26","WA-260522-1D2","","เสร็จสิ้น","Green","","","","22/5/2569 15:30:07","","","","",""
"JOB-260522-FC6","CUST-260522-50C","นัท","11/5/2569","13:00:00","ลูกค้าใหม่","Toyota Fortuner","กบ 5840","ขาว","3M Absolute","บานหน้า","3100","","","3100","ร้าน","Pro_May26","WA-260522-326","","เสร็จสิ้น","Green","","","","22/5/2569 15:44:49","","","","",""
"JOB-260522-6B7","CUST-260522-DC9","นัท","11/5/2569","15:00:00","ลูกค้าใหม่","Mazda CX-5","8 กร 4236","ขาว","Hi-Kool CM","บานหลัง","1100","","","1100","ร้าน","Pro_May26","WA-260522-606","","เสร็จสิ้น","Green","","","","22/5/2569 16:02:28","","","","",""
"JOB-260522-81A","CUST-260522-BE0","นัท","11/5/2569","15:00:00","ลูกค้าใหม่","Toyota CHR","7 กฐ 5944","ขาว","Hi-Kool Beyond","เต็มคัน","8600","","","8600","ศูนย์","Pro_May26","","","เสร็จสิ้น","Green","","","","22/5/2569 16:08:15","","","","",""
"JOB-260523-540","CUST-260522-C56","พี่เมย์","23/5/2569","8:15:00","ลูกค้าเคลม","Toyota CHR","8 กร 9509","ขาว","3M Absolute","บานหน้า","2700","","","2700","ร้าน","Mistake","WA-260522-577","","เสร็จสิ้น","Green","","","","23/5/2569 15:34:57","","","","",""
"JOB-260523-5BF","CUST-260523-622","นัท","25/5/2569","13:00:00","ลูกค้าใหม่","Isuzu mu-x","5กพ4543กทม","ขาว","3M Ultra Clear","เต็มคัน","12000","","","12000","ศูนย์","Pro_May26","WA-260525-B7D","","เสร็จสิ้น","Green","","","","23/5/2569 15:08:05","","","","",""
"JOB-260523-6A3","CUST-260523-067","พี่เมย์","25/5/2569","13:00:00","ลูกค้าใหม่","Nissan Note","-","ขาว","Hi-Kool R","เต็มคัน","3500","","","3500","ศูนย์","Pro_Apr26","WA-260525-78D","","ยกเลิก","Red","","","","23/5/2569 15:31:41","","","","",""
"JOB-260523-348","CUST-260519-C2D","นัท","25/5/2569","8:15:00","ลูกค้าเคลม","Tesla Model Y","7 ขภ 6751","ขาว","3M Ceramate","ประตูหน้า-ขวา","700","","","700","ศูนย์","Mistake","WA-260520-CA9","","เสร็จสิ้น","Green","","","","23/5/2569 16:02:38","","","","",""
"JOB-260525-0A6","CUST-260525-CFF","นัท","25/5/2569","10:00:00","ลูกค้าใหม่","Ford Ranger 4D","งข 7523","ขาว","Hi-Kool Beyond","เต็มคัน","7400","","","7400","ศูนย์","Pro_May26","WA-260525-031","","เสร็จสิ้น","Green","","","","25/5/2569 10:50:12","","","","",""
"JOB-260525-415","CUST-260525-F32","นัท","25/5/2569","15:00:00","ลูกค้าใหม่","Toyota CHR","8กง 5351","ขาว","3M Absolute","เต็มคัน","6900","","","6900","ศูนย์","Pro_May26","WA-260528-8F7","","เสร็จสิ้น","Green","","","","25/5/2569 11:02:42","","","","",""
"JOB-260525-294","CUST-260525-D28","นัท","25/5/2569","15:00:00","ลูกค้าใหม่","Honda CRV","4 กย 7765","ขาว","G-TEC","เต็มคัน","3300","","","3300","ร้าน","Pro_May26","WA-260526-43B","","เสร็จสิ้น","Green","","","","25/5/2569 11:30:39","","","","",""
"JOB-260525-704","CUST-260525-277","นัท","23/5/2569","10:00:00","ลูกค้าใหม่","Toyota Camry","ก 4608","แดง","3M Ultra Clear","เต็มคัน","10900","","","10900","ศูนย์","Pro_May26","WA-260525-A9E","","เสร็จสิ้น","Green","","","","25/5/2569 11:41:10","","","","",""
"JOB-260525-1E1","CUST-260525-CC4","นัท","23/5/2569","13:00:00","ลูกค้าใหม่","Toyota Commuter","ศ 1061","ขาว","AmericanKing Ultra UV400","เต็มคัน","10272","","","10272","ร้าน","Pro_May26","WA-260529-013","","เสร็จสิ้น","Green","","","","25/5/2569 11:44:48","","","","",""
"JOB-260525-C43","CUST-260525-D48","นัท","23/5/2569","14:00:00","ลูกค้าใหม่","Toyota Vios","3 ขฏ 323","ขาว","G-TEC","เต็มคัน","3000","","","3000","ร้าน","Pro_May26","WA-260529-80F","","เสร็จสิ้น","Green","","","","25/5/2569 11:49:22","","","","",""
"JOB-260525-446","CUST-260523-067","นัท","25/5/2569","13:00:00","ลูกค้าใหม่","Nissan Note","2 ขณ 8643","ขาว","G-TEC","เต็มคัน","3700","","","3700","ร้าน","Pro_May26","WA-260525-6C4","","เสร็จสิ้น","Green","","","","25/5/2569 13:45:15","","","","",""
"JOB-260525-3A6","CUST-260525-91C","พี่เมย์","26/5/2569","8:15:00","ลูกค้าใหม่","Mini Cooper","3 กพ 6740","ขาว","IZY-KOOL ORIGINAL","เต็มคัน","2800","","","2800","ร้าน","Pro_May26","WA-260526-E21","","เสร็จสิ้น","Green","","","","25/5/2569 15:16:18","","","","",""
"JOB-260525-123","CUST-260525-B08","พี่เมย์","26/5/2569","8:30:00","ลูกค้าใหม่","Porsche 911","7 ขย 8740","ขาว","3M Crystalline","เต็มคัน","21700","200","Review: Google Map , Review: Facebook","21500","ศูนย์","Pro_May26","WA-260526-4A6","","เสร็จสิ้น","Green","","","","25/5/2569 15:26:18","","","","",""
"JOB-260525-482","CUST-260525-01C","พี่เมย์","26/5/2569","10:00:00","ลูกค้าใหม่","Benz GLA 200","1 ขฌ 6955","ขาว","3M Absolute","เต็มคัน","7800","200","Review: Facebook , Review: Google Map","7600","ศูนย์","Pro_May26","WA-260526-89D","","เสร็จสิ้น","Green","","","","25/5/2569 15:42:09","","","","",""
"JOB-260525-65A","CUST-260525-697","พี่เมย์","26/5/2569","13:00:00","ลูกค้าใหม่","Toyota Prius","ชอ 525","ขาว","G-TEC","เต็มคัน , ซันรูฟ","4000","","","4000","ร้าน","Pro_May26","WA-260526-672","","เสร็จสิ้น","Green","","","","25/5/2569 16:12:43","","","","",""
"JOB-260525-03B","CUST-260525-1EF","นัท","26/5/2569","10:00:00","ลูกค้าใหม่","Aion UT","6 ขห 233","ขาว","3M Ultra Clear","เต็มคัน","10300","200","Review: Facebook , Review: Google Map","10100","ศูนย์","Pro_May26","WA-260526-9B2","","เสร็จสิ้น","Green","","","","25/5/2569 16:15:26","","","","",""
"JOB-260526-143","CUST-260526-23D","นัท","26/5/2569","14:00:00","ลูกค้าใหม่","Honda Accord","ฎก 2211","ขาว","3M Ceramate","เต็มคัน","4400","","","4400","ศูนย์","Pro_May26","WA-260526-A3E","","เสร็จสิ้น","Green","","","","26/5/2569 9:50:19","","","","",""
"JOB-260526-72E","CUST-260526-714","นัท","26/5/2569","13:00:00","ลูกค้าใหม่","Mazda 2","1 กพ 5076","ขาว","G-TEC","เต็มคัน","3200","","","3200","ร้าน","Pro_May26","WA-260526-74D","","เสร็จสิ้น","Green","","","","26/5/2569 10:18:14","","","","",""
"JOB-260526-662","CUST-260526-2DA","นัท","29/5/2569","13:00:00","ลูกค้าใหม่","Honda Civic FC","-","ขาว","G-TEC","บานหน้า","1300","","","1300","ร้าน","Pro_May26","WA-260525-78D","","ยกเลิก","Red","","","","26/5/2569 11:10:44","","","","",""
"JOB-260526-962","CUST-260526-5F8","พี่เมย์","27/5/2569","8:30:00","ลูกค้าใหม่","Toyota CHR","2ขช6276","ขาว","3M Ultra Clear","เต็มคัน","10000","","","10000","ศูนย์","Pro_May26","WA-260527-7E5","","เสร็จสิ้น","Green","","","","26/5/2569 11:45:54","","","","",""
"JOB-260526-C3C","CUST-260526-08A","นัท","28/5/2569","13:00:00","ลูกค้าใหม่","Toyota Yaris","-","ขาว","รอเลือก","","0","","","0","ศูนย์","Pro_May26","WA-260525-78D","","ยกเลิก","Red","","","","26/5/2569 12:53:08","","","","",""
"JOB-260526-498","CUST-260526-F8A","นัท","26/5/2569","13:00:00","ลูกค้าใหม่","Honda Civic","6 ขง 4984","ขาว","G-TEC","บานหน้า , ประตูหน้า-ซ้าย , ประตูหน้า-ขวา","2100","","","2100","ร้าน","Pro_May26","WA-260526-352","","เสร็จสิ้น","Green","","","","26/5/2569 13:27:18","","","","",""
"JOB-260526-5B1","CUST-260526-D55","นัท","26/5/2569","14:00:00","ลูกค้าเคลม","Honda City","1 กล 5189","ขาว","G-TEC","บานหลัง","1100","","","1100","ร้าน","Mistake","WA-260526-1A3","","เสร็จสิ้น","Green","","","","26/5/2569 14:25:38","","","","",""
"JOB-260526-8D5","CUST-260525-D28","นัท","25/5/2569","15:00:00","งานแก้(ในวัน)","Honda CRV","4 กย 7765","ขาว","G-TEC","บานหน้า","1400","","","1400","ร้าน","Mistake","WA-260526-43B","","เสร็จสิ้น","Green","","","","26/5/2569 16:11:43","","","","",""
"JOB-260526-121","CUST-260525-D28","นัท","25/5/2569","15:00:00","งานแก้(ในวัน)","Honda CRV","4 กย 7765","ขาว","G-TEC","บานหน้า","1400","","","1400","ร้าน","Mistake","WA-260526-43B","","เสร็จสิ้น","Green","","","","26/5/2569 16:16:38","","","","",""
"JOB-260526-D9E","CUST-260526-CA3","พี่เมย์","28/5/2569","10:00:00","ลูกค้าใหม่","BMW X3","5ขพ 577","ขาว","3M Ultra Clear","บานหน้า , ประตูหน้า-ซ้าย , ประตูหน้า-ขวา","12800","","","12800","ร้าน","Pro_May26","WA-260528-E13","","เสร็จสิ้น","Green","","","","26/5/2569 16:12:18","","","","",""
"JOB-260526-2F5","CUST-260526-FB2","พี่เมย์","27/5/2569","8:30:00","ลูกค้าใหม่","Hyundai H1","ฮฮ 3038","ขาว","3M Ultra Clear","ประตูหน้า-ขวา","1700","","","1700","ร้าน","Pro_May26","WA-260527-B2C","","เสร็จสิ้น","Green","","","","26/5/2569 16:17:24","","","","",""
"JOB-260527-584","CUST-260527-3B7","นัท","27/5/2569","13:00:00","ลูกค้าใหม่","กระบะแคป","2 ฒค 2062","ขาว","Hi-Kool Beyond","เต็มคัน","6900","","","6900","ศูนย์","Pro_May26","WA-260527-D9D","","เสร็จสิ้น","Green","","","","27/5/2569 9:40:45","","","","",""
"JOB-260527-AEB","CUST-260527-F19","พี่เมย์","27/5/2569","13:00:00","ลูกค้าใหม่","Benz C180","ษอ 5551","ขาว","G-TEC","เต็มคัน","3150","","ส่วนลดลูกค้าเก่า","3150","ร้าน","Pro_May26","WA-260527-F92","","เสร็จสิ้น","Green","","","","27/5/2569 9:47:57","","","","",""
"JOB-260527-A57","CUST-260527-91E","นัท","27/5/2569","13:00:00","ลูกค้าใหม่","Honda Civic FD","4 กท 7595","ขาว","3M Absolute","เต็มคัน","6800","200","Review: Google Map, Review: Facebook","6600","ศูนย์","Pro_May26","WA-260527-1B7","","เสร็จสิ้น","Green","","","","11/6/2569 9:58:28","","","","",""
"JOB-260527-D9C","CUST-260527-F3A","นัท","27/5/2569","10:00:00","ลูกค้าใหม่","‎Mitsubishi Pajero","วจ 7837","ขาว","3M Ceramate","เต็มคัน","4600","200","Review: Google Map , Review: Facebook","4400","ศูนย์","Pro_May26","WA-260527-C63","","เสร็จสิ้น","Green","","","","27/5/2569 10:50:25","","","","",""
"JOB-260527-90B","CUST-260527-88F","พี่เมย์","28/5/2569","8:15:00","ลูกค้าใหม่","Benz E-Class","ภบ1177","ขาว","3M Absolute","เต็มคัน","9500","","","9500","ศูนย์","Pro_May26","WA-260528-D8B","","เสร็จสิ้น","Green","","","","27/5/2569 13:19:34","","","","",""
"JOB-260527-D72","CUST-260527-D98","พี่เมย์","27/5/2569","14:00:00","ลูกค้าใหม่","Toyota Corolla Cross","1 ขฐ 4155","ขาว","3M Ceramate","บานหลัง","900","","","900","ร้าน","Pro_May26","WA-260527-125","","เสร็จสิ้น","Green","","","","27/5/2569 13:30:15","","","","",""
"JOB-260527-5A5","CUST-260527-3B7","นัท","27/5/2569","13:00:00","งานแก้(ในวัน)","กระบะแคป","2 ฒค 2062","ขาว","Hi-Kool Beyond","บานหน้า","4200","","","4200","ร้าน","Mistake","WA-260527-D9D","","เสร็จสิ้น","Green","","","","27/5/2569 13:34:59","","","","",""
"JOB-260527-4E2","CUST-260527-8C3","นัท","28/5/2569","10:00:00","ลูกค้าใหม่","Toyota Altis","ญข 7912","ขาว","3M Absolute","บานหลัง","2300","","","2300","ร้าน","Pro_May26","WA-260528-8DC","","เสร็จสิ้น","Green","","","","27/5/2569 15:04:31","","","","",""
"JOB-260527-90D","CUST-260527-58B","พี่เมย์","27/5/2569","14:00:00","ลูกค้าใหม่","BMW 330E","3 ขช 5245","ขาว","3M Absolute","บานหลัง , ประตูหน้า-ขวา , ประตูหลัง-ซ้าย , ประตูหลัง-ขวา , ประตูหน้า-ซ้าย","5900","","","5900","ร้าน","Pro_May26","WA-260527-7FC","","เสร็จสิ้น","Green","","","","27/5/2569 15:02:12","","","","",""
"JOB-260527-EC7","CUST-260527-58B","นัท","28/5/2569","8:30:00","ลูกค้าใหม่","Honda Civic","8 กม 9977","ขาว","3M Ceramate","บานหลัง","1400","","","1400","ร้าน","Pro_May26","WA-260528-486","","เสร็จสิ้น","Green","","","","27/5/2569 15:41:58","","","","",""
"JOB-260527-685","CUST-260527-25D","พี่เมย์","29/5/2569","10:00:00","ลูกค้าใหม่","Honda HRV","-","ขาว","รอเลือก","เต็มคัน","0","0","","0","ศูนย์","Pro_May26","WA-260525-78D","","ยกเลิก","Red","","","","27/5/2569 17:40:15","","","","",""
"JOB-260528-70D","CUST-260528-775","พี่เมย์","28/5/2569","13:00:00","ลูกค้าใหม่","MG IM5","ญ 8021","แดง","Cooper TPU","ซันรูฟ","9800","","","9800","ร้าน","Pro_May26","WA-260528-81D","","เสร็จสิ้น","Green","","","","28/5/2569 7:58:22","","","","",""
"JOB-260528-B9F","CUST-260528-24B","พี่เมย์","28/5/2569","8:30:00","ลูกค้าใหม่","BYD ATTO3","5 ขข 1095","ขาว","3M Ultra Clear","เต็มคัน","9600","","","9600","ศูนย์","Pro_May26","WA-260528-D39","","เสร็จสิ้น","Green","","","","28/5/2569 8:31:14","","","","",""
"JOB-260528-861","CUST-260528-1AB","พี่เมย์","28/5/2569","13:00:00","ลูกค้าใหม่","Mini Cooper","ญฏ181","ขาว","Hi-Kool CM","เต็มคัน","3975","0","ส่วนลดลูกค้าเก่า","3975","ศูนย์","Pro_May26","WA-260528-D4D","","เสร็จสิ้น","Green","","","","28/5/2569 12:17:28","","","","",""
"JOB-260528-F6C","CUST-260528-418","พี่เมย์","30/5/2569","10:00:00","ลูกค้าใหม่","‎Mitsubishi Pajero","5 ขก 1211","ขาว","3M Ultra Clear","เต็มคัน","11300","","","11300","ศูนย์","Pro_May26","WA-260530-B83","","เสร็จสิ้น","Green","","","","28/5/2569 13:24:12","","","","",""
"JOB-260528-D85","CUST-260528-2BF","พี่เมย์","1/6/2569","10:00:00","ลูกค้าใหม่","Honda City","7กฐ 7264 กทม","ขาว","Hi-Kool CM","เต็มคัน","4300","100","Review: Google Map","4200","ศูนย์","Pro_May26","","มัดจำ 1000.- / 28.5.26","เสร็จสิ้น","Green","","","","28/5/2569 13:33:44","","","","",""
"JOB-260528-DE3","CUST-260528-1A1","พี่เมย์","30/5/2569","10:00:00","ลูกค้าใหม่","Nissan March","7 กถ 517","ขาว","Hi-Kool CM","เต็มคัน","4100","200","Review: Google Map , Review: Facebook","3900","ศูนย์","Pro_May26","WA-260530-B57","","เสร็จสิ้น","Green","","","","28/5/2569 13:38:53","","","","",""
"JOB-260528-37C","CUST-260528-C0F","พี่เมย์","6/6/2569","10:00:00","ลูกค้าใหม่","Toyota Innova","ฎน 9657","ขาว","Hi-Kool Beyond","เต็มคัน","10900","0","","10900","ศูนย์","Pro_May26","WA-260525-78D","มัดจำ 1000 / 28.5.26","เสร็จสิ้น","Blue","","","","6/6/2569 12:23:10","","","","",""
"JOB-260528-EF4","CUST-260528-C7A","พี่เมย์","29/5/2569","10:00:00","ลูกค้าใหม่","VOLVO XC60","3 กธ 6080","ขาว","3M Absolute","เต็มคัน","6900","200","Review: Google Map , Review: Facebook","6700","ศูนย์","Pro_May26","WA-260529-798","","เสร็จสิ้น","Green","","","","28/5/2569 15:08:30","","","","",""
"JOB-260528-603","CUST-260528-078","นัท","2/6/2569","10:00:00","ลูกค้าใหม่","Toyota Hilux TRAVO 4D","7 ขถ 3934","ขาว","3M Ultra Clear","ประตูหน้า-ซ้าย, ประตูหน้า-ขวา, ประตูหลัง-ซ้าย, แครี่บอย","6500","0","","6500","ร้าน","Pro_Jun26","WA-260525-78D","มัดจำ 1000 จองโปรข้ามเดือน","เสร็จสิ้น","Orange","","","","2/6/2569 11:29:11","","","","",""
"JOB-260528-29C","CUST-260527-88F","พี่เมย์","29/5/2569","8:15:00","ลูกค้าใหม่","Lexus RX 300","4 กภ 1333","ขาว","3M Absolute","เต็มคัน","8400","","","8400","ศูนย์","Pro_May26","WA-260529-E4B","","เสร็จสิ้น","Green","","","","28/5/2569 15:28:33","","","","",""
"JOB-260528-619","CUST-260528-2BF","พี่เมย์","1/6/2569","10:00:00","ลูกค้าใหม่","Honda City","7กฐ 7264","ขาว","รอเลือก","เต็มคัน","0","","","0","ศูนย์","Pro_May26","","","ยกเลิก","Red","","","","28/5/2569 16:07:24","","","","",""
"JOB-260528-1AE","CUST-260528-6B3","พี่เมย์","29/5/2569","10:00:00","ลูกค้าใหม่","Honda Accord","-","ขาว","Hi-Kool CM","เต็มคัน","4800","","","4800","ศูนย์","Pro_May26","WA-260525-78D","","ยกเลิก","Red","","","","28/5/2569 16:39:56","","","","",""
"JOB-260528-121","CUST-260522-24D","พี่เมย์","29/5/2569","14:00:00","ลูกค้าเคลม","Toyota Voxy","4ขข172","ขาว","3M Ultra Clear","บานฟิก-ซ้าย , บานฟิก-ขวา","3400","","","3400","ร้าน","Mistake","WA-260522-139","","ยกเลิก","Red","","","","28/5/2569 16:51:32","","","","",""
"JOB-260528-F34","CUST-260528-C8F","พี่เมย์","30/5/2569","8:30:00","ลูกค้าใหม่","Subaru XV","3ฎ 7636","ขาว","G-TEC","บานหน้า","1300","","","1300","ร้าน","Pro_May26","WA-260530-237","","เสร็จสิ้น","Green","","","","28/5/2569 17:35:25","","","","",""
"JOB-260529-FD7","CUST-260529-9A3","พี่เมย์","29/5/2569","13:00:00","ลูกค้าใหม่","Toyota Corolla Cross","9กฆ 996","ขาว","Hi-Kool CM","เต็มคัน","4800","","","4800","ศูนย์","Pro_May26","WA-260529-2EC","","เสร็จสิ้น","Green","","","","29/5/2569 8:14:22","","","","",""
"JOB-260529-4CF","CUST-260529-CA3","พี่เมย์","30/5/2569","10:00:00","ลูกค้าใหม่","Toyota Camry","4ขก 4003","ขาว","Nanotech NCI","เต็มคัน","5300","","","5300","ร้าน","Pro_May26","WA-260530-85A","","เสร็จสิ้น","Green","","","","29/5/2569 8:30:31","","","","",""
"JOB-260529-7E4","CUST-260529-5AB","พี่เมย์","29/5/2569","10:00:00","ลูกค้าใหม่","Honda Accord","ษค 2030","ขาว","Hi-Kool CM","เต็มคัน","4800","","","4800","ศูนย์","Pro_May26","WA-260529-5AC","","เสร็จสิ้น","Green","","","","29/5/2569 10:12:33","","","","",""
"JOB-260529-F35","CUST-260529-C20","พี่เมย์","30/5/2569","14:00:00","ลูกค้าใหม่","Honda Jazz","กต 3736","ขาว","G-TEC","เต็มคัน","2850","","ส่วนลดลูกค้าเก่า","2850","ร้าน","Pro_May26","WA-260530-C66","","เสร็จสิ้น","Green","","","","29/5/2569 12:44:03","","","","",""
"JOB-260529-CDC","CUST-260526-CA3","พี่เมย์","28/5/2569","10:00:00","งานแก้(ในวัน)","BMW X1","5 ขพ 577","ขาว","3M Ultra Clear","ประตูหน้า-ขวา","4900","","","4900","ร้าน","Mistake","WA-260528-E13","","เสร็จสิ้น","Green","","","","29/5/2569 14:11:09","","","","",""
"JOB-260529-D47","CUST-260529-179","พี่เมย์","29/5/2569","14:00:00","ลูกค้าใหม่","Benz C-Class","1 กข 668","ขาว","3M Absolute","ประตูหน้า-ขวา","800","","","800","ร้าน","Pro_May26","WA-260530-015","","เสร็จสิ้น","Green","","","","29/5/2569 15:37:29","","","","",""
"JOB-260529-46D","CUST-260529-18A","พี่เมย์","29/5/2569","14:00:00","ลูกค้าใหม่","Isuzu mu-7","2 กค 1018","ขาว","3M Absolute","ประตูหน้า-ซ้าย , บานหน้า","2700","","","2700","ร้าน","Pro_May26","WA-260530-164","","เสร็จสิ้น","Green","","","","29/5/2569 15:45:47","","","","",""
"JOB-260529-3A2","CUST-260529-1B8","พี่เมย์","23/5/2569","15:00:00","ลูกค้าใหม่","Mitsubishi Mirage","1 กช 6179","ขาว","Hi-Kool CM","เต็มคัน","4300","200","Review: Facebook , Review: Google Map","4100","ศูนย์","Pro_May26","WA-260530-60A","","เสร็จสิ้น","Green","","","","29/5/2569 16:27:06","","","","",""
"JOB-260529-44F","CUST-260529-D2E","พี่เมย์","1/6/2569","10:00:00","ลูกค้าใหม่","Honda HRV","7ขน622","ขาว","3M Ultra Clear","บานหน้า","4600","","","4600","ร้าน","Pro_May26","","3m Ultra clear (CMI25)","เสร็จสิ้น","Blue","","","","1/6/2569 11:48:36","","","","",""
"JOB-260529-C40","CUST-260529-E91","พี่เมย์","2/6/2569","13:00:00","ลูกค้าใหม่","Subaru XV","8กข1100","ขาว","3M Ultra Clear","เต็มคัน","10000","200","Review: Google Map, Review: facebook","9800","ศูนย์","Pro_Jun26","","บานหน้า60 รอบคัน 80","เสร็จสิ้น","Green","","","","2/6/2569 15:09:14","","","","",""
"JOB-260530-CE3","CUST-260530-452","พี่เมย์","30/5/2569","13:00:00","ลูกค้าใหม่","Honda City","งธ7683","ขาว","Nanotech NCI","เต็มคัน","4800","200","Review: Google Map , Review: Facebook","4600","ร้าน","Pro_May26","WA-260530-253","","เสร็จสิ้น","Green","","","","30/5/2569 8:16:18","","","","",""
"JOB-260530-E70","CUST-260530-E95","พี่เมย์","30/5/2569","13:00:00","ลูกค้าใหม่","Toyota Altis","ฏพ7624","ขาว","3M Absolute","เต็มคัน","6800","200","Review: Google Map , Review: Facebook","6600","ศูนย์","Pro_May26","WA-260530-A06","","เสร็จสิ้น","Green","","","","30/5/2569 8:41:06","","","","",""
"JOB-260530-17B","CUST-260530-D95","พี่เมย์","30/5/2569","13:00:00","ลูกค้าใหม่","Honda City","ฆณ 672","ขาว","G-TEC","เต็มคัน","3200","","","3200","ร้าน","Pro_May26","WA-260530-835","อบโอโซนห้องโดยสาร","เสร็จสิ้น","Green","","","","30/5/2569 8:46:38","","","","",""
"JOB-260530-1E0","CUST-260530-661","พี่เมย์","13/6/2569","10:00:00","ลูกค้าใหม่","Honda Jazz","7กท1149","ขาว","3M Absolute","เต็มคัน","6800","0","","6800","ศูนย์","Pro_Jun26","","-บานหน้า40/รอบคัน60","เสร็จสิ้น","Orange","","","","13/6/2569 11:17:39","","","","",""
"JOB-260530-518","CUST-260530-FC5","พี่เมย์","30/5/2569","8:30:00","ลูกค้าใหม่","Honda City","ฏค 7362","ขาว","รอเลือก","ประตูหน้า-ซ้าย , ประตูหน้า-ขวา , ประตูหลัง-ซ้าย , ประตูหลัง-ขวา","0","","","0","ร้าน","Pro_May26","","","ยกเลิก","Red","","","","30/5/2569 10:50:50","","","","",""
"JOB-260530-C3F","CUST-260530-FC5","พี่เมย์","3/6/2569","8:30:00","ลูกค้าใหม่","Honda City","ฏค 7362","ขาว","3M Ceramate","ประตูหน้า-ซ้าย, ประตูหน้า-ขวา, ประตูหลัง-ซ้าย, ประตูหลัง-ขวา","2000","0","","2000","ร้าน","Pro_Jun26","","-ประตูหน้า40/ประตูคู่หลัง60","เสร็จสิ้น","Blue","","","","3/6/2569 10:48:09","","","","",""
"JOB-260530-F41","CUST-260529-C20","พี่เมย์","30/5/2569","14:00:00","งานแก้(ในวัน)","Honda Jazz","กต 3736","ขาว","G-TEC","บานฟิก-ซ้าย , บานฟิก-ขวา","800","","","800","ร้าน","Mistake","WA-260530-C66","","เสร็จสิ้น","Green","","","","30/5/2569 15:18:56","","","","",""
"JOB-260530-8F0","CUST-260530-9C8","พี่เมย์","3/6/2569","10:00:00","ลูกค้าเคลม","Toyota Camry","ฆบ 7806","ขาว","Hi-Kool CM","บานหลัง","1700","","","1700","ศูนย์","Mistake","","ติดตั้ง 16/5/67 - ติด Hi-Kool CM20 รอบคัน","ยกเลิก","Red","","","","3/6/2569 10:39:32","","","","",""
"JOB-260530-2A0","CUST-260530-A36","พี่เมย์","6/6/2569","13:00:00","ลูกค้าใหม่","Toyota Yaris","6 กก 1169","ขาว","3M Ceramate","เต็มคัน","4000","","","4000","ศูนย์","Pro_May26","","จองโปรข้ามเดือน","เสร็จสิ้น","Orange","CAR_CRM-691939189/Images//JOB-260530-2A0.รูปภาพ_01.112441.jpg","","","6/6/2569 15:16:12","","","","",""
"JOB-260530-61D","CUST-260530-443","พี่เมย์","4/6/2569","10:00:00","ลูกค้าใหม่","Honda Jazz","สฉ 4342","ขาว","G-TEC","เต็มคัน","3200","200","Review: Google Map, Review: Facebook","3000","ร้าน","Pro_May26","WA-260525-78D","บานหน้า50/รอบคัน 60 // จองโปรข้ามเดือน มัดจำ 1000 บาท","เสร็จสิ้น","Red","CAR_CRM-691939189/Images//JOB-260530-61D.รูปภาพ_01.113757.jpg","","","4/6/2569 10:39:01","","","","",""
"JOB-260530-365","CUST-260530-430","นัท","12/5/2569","8:15:00","ลูกค้าใหม่","Toyota Commuter","ฮบ 3599","ขาว","G-TEC","บานหลัง , ประตูหน้า-ซ้าย , ประตูหน้า-ขวา","2100","","","2100","ร้าน","Pro_May26","","","เสร็จสิ้น","Green","","","","30/5/2569 20:00:16","","","","",""
"JOB-260530-401","CUST-260530-3AF","นัท","12/5/2569","8:30:00","ลูกค้าใหม่","Toyota Corolla Altis","4 กข 2547","ขาว","Hi-Kool CM","บานหลัง , ประตูหน้า-ซ้าย , ประตูหน้า-ขวา , ประตูหลัง-ซ้าย , ประตูหลัง-ขวา","3500","","","3500","ร้าน","Pro_Apr26","","มัดจำที่หน้าร้าน 1000 บาทใบเสร็จการมัดจำในแชท","เสร็จสิ้น","Green","","","","30/5/2569 20:03:39","","","","",""
"JOB-260530-AA2","CUST-260530-274","พี่เมย์","12/5/2569","8:30:00","ลูกค้าเคลม","Honda Civic","7 ขช 2322","ขาว","3M Ultra Clear","บานหน้า","4400","","","4400","ศูนย์","Mistake","","","เสร็จสิ้น","Green","","","","30/5/2569 20:05:23","","","","",""
"JOB-260530-0D1","CUST-260530-275","นัท","12/5/2569","10:00:00","ลูกค้าใหม่","Toyota Vigo Smart Cab","ฒผ 3026","ขาว","G-TEC","เต็มคัน","2782","","","2782","ร้าน","Pro_May26","","","เสร็จสิ้น","Green","","","","30/5/2569 20:09:01","","","","",""
"JOB-260530-07E","CUST-260530-276","นัท","12/5/2569","13:00:00","ลูกค้าใหม่","Honda City","กย 1906","ขาว","3M Absolute","เต็มคัน","6800","","","6800","ศูนย์","Pro_May26","","","เสร็จสิ้น","Green","","","","30/5/2569 20:12:17","","","","",""
"JOB-260530-233","CUST-260530-277","นัท","12/5/2569","13:00:00","ลูกค้าใหม่","Honda Jazz","ฎก 2923","ขาว","3M Ceramate","เต็มคัน","3800","0","","3800","ศูนย์","Pro_May26","","-","เสร็จสิ้น","Green","","","","11/6/2569 13:49:50","","","","",""
"JOB-260530-241","CUST-260530-278","พี่เมย์","12/5/2569","13:00:00","ลูกค้าใหม่","Hyundai H1","ฮฮ 2958","ขาว","3M Ceramate","ประตูหน้า-ซ้าย , ประตูหลัง-ขวา , ประตูหน้า-ขวา , ประตูหลัง-ซ้าย","4000","","","4000","ศูนย์","Pro_May26","","","เสร็จสิ้น","Green","","","","30/5/2569 20:16:49","","","","",""
"JOB-260530-150","CUST-260530-279","พี่เมย์","12/5/2569","14:00:00","ลูกค้าใหม่","BMW 320D","2ขธ 4363","ขาว","G-TEC","บานหน้า","1500","","","1500","ร้าน","Pro_May26","","","เสร็จสิ้น","Green","","","","30/5/2569 20:17:54","","","","",""
"JOB-260530-C2F","CUST-260530-275","พี่เมย์","13/5/2569","8:15:00","ลูกค้าใหม่","Nissan Urvan","ฮว 7826","ขาว","G-TEC","เต็มคัน","4601","","","4601","ร้าน","Pro_May26","","","เสร็จสิ้น","Orange","","","","30/5/2569 20:45:33","","","","",""
"JOB-260530-A53","CUST-260530-280","พี่เมย์","13/5/2569","10:00:00","ลูกค้าใหม่","BMW X1","8 กช 181","ขาว","3M Ultra Clear","เต็มคัน","11300","","","11300","ศูนย์","Pro_May26","","","เสร็จสิ้น","Orange","","","","30/5/2569 21:51:19","","","","",""
"JOB-260530-C29","CUST-260530-281","พี่เมย์","13/5/2569","10:00:00","ลูกค้าใหม่","Benz C-Class","ขภ 7700","ขาว","G-TEC","เต็มคัน","3400","","","3400","ร้าน","Pro_May26","","","เสร็จสิ้น","Orange","","","","30/5/2569 21:52:24","","","","",""
"JOB-260530-BB5","CUST-260530-282","พี่เมย์","13/5/2569","13:00:00","ลูกค้าเคลม","Toyota Camry","ญ 9999","ขาว","G-TEC","บานหลัง","1500","","","1500","ร้าน","Mistake","","","เสร็จสิ้น","Orange","","","","30/5/2569 21:53:15","","","","",""
"JOB-260530-521","CUST-260530-283","นัท","14/5/2569","8:30:00","ลูกค้าใหม่","Toyota Revo ตอนเดียว","3 ฒฌ 1621","ขาว","G-TEC","เต็มคัน","2300","","","2300","ร้าน","Pro_May26","","","เสร็จสิ้น","Orange","","","","30/5/2569 21:55:56","","","","",""
"JOB-260530-3AF","CUST-260530-284","พี่เมย์","14/5/2569","8:30:00","ลูกค้าใหม่","Honda City","2 กล 1146","ขาว","3M Ultra Clear","เต็มคัน","9600","","","9600","ศูนย์","Pro_May26","","","เสร็จสิ้น","Orange","","","","30/5/2569 22:00:10","","","","",""
"JOB-260530-0DA","CUST-260530-285","นัท","14/5/2569","8:30:00","ลูกค้าใหม่","VOLVO XC60","7 กท 4154","ขาว","3M Ultra Clear","บานหน้า","4600","","","4600","ร้าน","Pro_May26","","","เสร็จสิ้น","Orange","","","","30/5/2569 22:01:22","","","","",""
"JOB-260530-63C","CUST-260530-286","นัท","14/5/2569","8:30:00","ลูกค้าใหม่","BMW 218i gran tourer","7กฐ 7301","ขาว","Hi-Kool CM","เต็มคัน","4800","","","4800","ศูนย์","Pro_May26","","","เสร็จสิ้น","Green","","","","30/5/2569 22:02:26","","","","",""
"JOB-260530-6F5","CUST-260530-287","พี่เมย์","14/5/2569","8:30:00","ลูกค้าใหม่","Mitsubishi Xpander Cross","5 ขต 2716","ขาว","G-TEC","บานหน้า","1500","","","1500","ร้าน","Pro_May26","","","เสร็จสิ้น","Orange","","","","30/5/2569 22:03:20","","","","",""
"JOB-260530-4F5","CUST-260530-288","พี่เมย์","14/5/2569","15:00:00","ลูกค้าใหม่","Nissan Almera","1ขฎ 1878","ขาว","Hi-Kool CM","เต็มคัน","4300","","","4300","ร้าน","Pro_May26","","","เสร็จสิ้น","Orange","","","","30/5/2569 22:04:26","","","","",""
"JOB-260530-A12","CUST-260530-289","พี่เมย์","14/5/2569","15:00:00","ลูกค้าใหม่","Toyota Corolla AE111","ภค 8240","ขาว","G-TEC","เต็มคัน","3200","","","3200","ร้าน","Pro_May26","","","เสร็จสิ้น","Orange","","","","30/5/2569 22:05:37","","","","",""
"JOB-260530-EF0","CUST-260530-290","นัท","15/5/2569","8:30:00","ลูกค้าใหม่","Honda City","ญฬ 4712","ขาว","3M Absolute","เต็มคัน","6800","","","6800","ศูนย์","Pro_May26","","","เสร็จสิ้น","Orange","","","","30/5/2569 22:07:05","","","","",""
"JOB-260530-DD5","CUST-260530-291","นัท","15/5/2569","8:30:00","ลูกค้าใหม่","Toyota Yaris ATIV","7 กด 305","ขาว","3M Ultra Clear","เต็มคัน","9900","","","9900","ศูนย์","Pro_May26","","","เสร็จสิ้น","Orange","","","","30/5/2569 22:08:19","","","","",""
"JOB-260530-5C2","CUST-260530-292","นัท","15/5/2569","13:00:00","ลูกค้าใหม่","VOLVO XC60","5 กฆ 3746","ขาว","3M Ultra Clear","เต็มคัน","10000","","","10000","ศูนย์","Pro_May26","","","เสร็จสิ้น","Orange","","","","30/5/2569 22:09:57","","","","",""
"JOB-260530-FD0","CUST-260530-293","นัท","15/5/2569","13:00:00","ลูกค้าใหม่","Ford Fiesta 4D","2 กฉ 1405","ขาว","G-TEC","บานหน้า","1300","","","1300","ร้าน","Pro_May26","","","เสร็จสิ้น","Orange","","","","30/5/2569 22:11:05","","","","",""
"JOB-260530-4E5","CUST-260530-294","นัท","16/5/2569","8:30:00","ลูกค้าใหม่","Toyota Hilux Revo","8 กน 9877","ขาว","3M Absolute","เต็มคัน","5600","","","5600","ศูนย์","Pro_May26","","","เสร็จสิ้น","Orange","","","","30/5/2569 22:12:32","","","","",""
"JOB-260530-E46","CUST-260530-295","นัท","16/5/2569","10:00:00","ลูกค้าใหม่","Honda Civic","กร 2682","ขาว","Hi-Kool CM","เต็มคัน","4100","","","4100","ศูนย์","Pro_May26","","","เสร็จสิ้น","Green","","","","30/5/2569 22:13:28","","","","",""
"JOB-260530-886","CUST-260530-296","พี่เมย์","16/5/2569","10:00:00","ลูกค้าเคลม","Mitsubishi Triton 4D","ชง 4004","ขาว","G-TEC","บานหลัง , ประตูหน้า-ซ้าย , ประตูหลัง-ซ้าย","1400","","","1400","ร้าน","Mistake","","","เสร็จสิ้น","Green","","","","30/5/2569 22:15:03","","","","",""
"JOB-260530-872","CUST-260530-296","พี่เมย์","16/5/2569","10:00:00","ลูกค้าเคลม","Mitsubishi Triton 4D","ชง 4004","ขาว","G-TEC","ประตูหลัง-ซ้าย","400","","","400","ร้าน","Mistake","","","เสร็จสิ้น","Orange","","","","30/5/2569 22:17:26","","","","",""
"JOB-260530-2F7","CUST-260530-297","นัท","16/5/2569","13:00:00","ลูกค้าใหม่","Isuzu D-Max Spacecab","บล 1180","ขาว","IZY-KOOL Ceramic","เต็มคัน","2300","","","2300","ร้าน","Pro_May26","","","เสร็จสิ้น","Orange","","","","30/5/2569 22:18:30","","","","",""
"JOB-260530-C15","CUST-260530-298","พี่เมย์","16/5/2569","13:00:00","ลูกค้าใหม่","Mazda 3 skyactiv","4กง 6165","ขาว","3M Ultra Clear","เต็มคัน","10000","","","10000","ศูนย์","Pro_May26","","","เสร็จสิ้น","Orange","","","","30/5/2569 22:20:24","","","","",""
"JOB-260530-1A3","CUST-260530-299","พี่เมย์","16/5/2569","13:00:00","ลูกค้าใหม่","Toyota Commuter","1 นข 7433","ขาว","3M Ceramate","เต็มคัน","5700","","","5700","ศูนย์","Pro_May26","","","เสร็จสิ้น","Orange","","","","30/5/2569 22:21:11","","","","",""
"JOB-260530-BEE","CUST-260530-300","นัท","16/5/2569","15:00:00","ลูกค้าใหม่","Benz GLC 250 d","ฉค 3300","ขาว","3M Ultra Clear","เต็มคัน","11000","","","11000","ศูนย์","Pro_May26","","","เสร็จสิ้น","Orange","","","","30/5/2569 22:21:58","","","","",""
"JOB-260601-9B5","CUST-260601-7AC","พี่เมย์","1/6/2569","13:00","ลูกค้าใหม่","Honda Civic","2ขย 4591","ขาว","Hi-Kool Beyond","เต็มคัน","8700","200","","8500","ศูนย์","Pro_Jun26","","-บานหน้า50/รอบคัน60","เสร็จสิ้น","Blue","","","","12/6/2569 9:53:11","","","","",""
"JOB-260601-B11","CUST-260601-052","นัท","2/6/2569","10:00","ลูกค้าใหม่","Toyota Vios","ษฐ 6405","ขาว","Nanotech NCI","บานหลัง","1700","0","","1700","ร้าน","Pro_Jun26","","-บานหลัง NCI35","เสร็จสิ้น","Orange","","","","12/6/2569 9:54:55","","","","",""
"JOB-260601-BB1","CUST-260601-E40","นัท","1/6/2569","13:00","ลูกค้าใหม่","Benz W212","8 กฬ 3280","ขาว","3M Ultra Clear","เต็มคัน, ซันรูฟ","15500","0","","15500","ศูนย์","Pro_Jun26","","-บานหน้า60/รอบคัน80/ซันรูฟCM IR70","เสร็จสิ้น","Green","","","","12/6/2569 9:53:53","","","","",""
"JOB-260601-646","CUST-260601-C21","นัท","1/6/2569","11:00","ลูกค้าใหม่","กระบะแคป","3 ฒย 5502","ขาว","G-TEC","บานหน้า","1300","0","","1300","ร้าน","Pro_Jun26","","-บานหน้า60","เสร็จสิ้น","Blue","","","","12/6/2569 9:52:50","","","","",""
"JOB-260601-5FE","CUST-260601-397","พี่เมย์","4/6/2569","14:00","ลูกค้าใหม่","BYD ATTO3","-","ขาว","รอเลือก","เต็มคัน","0","","","0","ศูนย์","Pro_Jun26","","","ยกเลิก","Red","","","","1/6/2569 11:15:23","","","","",""
"JOB-260601-338","CUST-260529-CA3","นัท","1/6/2569","13:00","ลูกค้าเคลม","Toyota Camry","4ขก 4003","ขาว","Nanotech NCI","บานหน้า","2200","","","2200","ร้าน","Mistake","","-","เสร็จสิ้น","Blue","","","","1/6/2569 14:11:45","","","","",""
"JOB-260601-415","CUS-260601-EAB","พี่เมย์","1/6/2569","15:00","ลูกค้าใหม่","Nissan Almera","1 ขธ 9501","ขาว","Hi-Kool CM","เต็มคัน","4000","200","Review: Google Map, Review: facebook","3800","ศูนย์","Pro_Jun26","","-บานหน้า50/รอบคัน60","เสร็จสิ้น","Blue","","","","12/6/2569 9:54:15","","","","",""
"JOB-260601-ADE","CUS-260601-B08","พี่เมย์","3/6/2569","13:00","ลูกค้าใหม่","ORA Good Cat","ธธ 719","ขาว","Hi-Kool Beyond","เต็มคัน","6800","0","","6800","ศูนย์","Pro_Jun26","","-บานหน้า-บานหลัง0/รอบคัน80","เสร็จสิ้น","Orange","","","","4/6/2569 13:39:32","","","","",""
"JOB-260602-5D1","CUST-260602-170","นัท","2/6/2569","10:00","ลูกค้าใหม่","Toyota Vios","กพ 8607","ขาว","3M Ultra Clear","เต็มคัน","9900","0","","9900","ศูนย์","Pro_Jun26","","-รอบคัน40","เสร็จสิ้น","Blue","","","","12/6/2569 9:55:15","","","","",""
"JOB-260602-D1E","CUST-260602-170","นัท","2/6/2569","10:00","งานแก้(ในวัน)","Toyota Vios","กพ 8607","ขาว","3M Ultra Clear","บานหน้า","4400","","","4400","ศูนย์","Mistake","","-","เสร็จสิ้น","Green","","","","2/6/2569 20:50:25","","","","",""
"JOB-260602-457","CUST-260602-173","นัท","2/6/2569","11:00","ลูกค้าเคลม","MG S5 EV Plus","ข 2963","ขาว","3M Ultra Clear","ประตูหน้า-ซ้าย","1800","","","1800","ร้าน","Mistake","","-","เสร็จสิ้น","Green","","","","2/6/2569 14:32:07","","","","",""
"JOB-260602-F8A","CUS-260602-C45","นัท","2/6/2569","13:00","ลูกค้าใหม่","Toyota Fortuner","2 ขธ 8628","ขาว","Hi-Kool CM","เต็มคัน","5000","0","","5000","ศูนย์","Pro_Jun26","","-บานหน้า50/รอบคัน60","เสร็จสิ้น","","","","","12/6/2569 9:55:37","","","","",""
"JOB-260602-C69","CUS-260602-836","พี่เมย์","6/6/2569","13:00","ลูกค้าใหม่","Honda Jazz","8กษ -7063","ขาว","3M Ceramate","เต็มคัน","4000","0","","4000","ศูนย์","Pro_Jun26","","-","ยกเลิก","Red","","","","2/6/2569 12:03:08","","","","",""
"JOB-260602-DE1","CUS-260602-BC2","พี่เมย์","2/6/2569","13:00","ลูกค้าใหม่","Mazda CX-5","7 กฮ 9778","ขาว","3M Ceramate","บานหน้า, ประตูหน้า-ซ้าย, ประตูหน้า-ขวา","3000","0","","3000","ร้าน","Pro_Jun26","","-บานหน้า40/ประตูคู่หน้า60","เสร็จสิ้น","","","","","12/6/2569 9:56:32","","","","",""
"JOB-260602-69E","CUS-260602-2FC","นัท","5/6/2569","13:00","ลูกค้าใหม่","BYD Seal6","ฉก 9097","ขาว","Hi-Kool Beyond","เต็มคัน, ซันรูฟ","10500","200","Review: Google Map, Review: facebook","10300","ศูนย์","Pro_Jun26","","-รอบคัน+ซันรูฟ50/ประตูคู่หลัง60","เสร็จสิ้น","","","","","5/6/2569 16:11:49","","","","",""
"JOB-260602-1D3","CUS-260602-589","พี่เมย์","2/6/2569","14:00","ลูกค้าใหม่","BMW 525i","ฏฟ 856","ขาว","Hi-Kool BA","บานหลัง, ประตูหลัง-ซ้าย, ประตูหลัง-ขวา","3300","0","","3300","ร้าน","Pro_Jun26","","-3บานหลัง BA60","เสร็จสิ้น","Green","","","","12/6/2569 9:56:56","","","","",""
"JOB-260602-F7A","CUS-260602-0E5","พี่เมย์","3/6/2569","10:00","ลูกค้าใหม่","Mazda CX30","1 ขช 4495","ขาว","3M Ultra Clear","เต็มคัน, ซันรูฟ","11100","200","Review: facebook, Review: Google Map","10900","ศูนย์","Pro_Jun26","","-บานหน้า-ซันรูฟ60/รอบคัน80","เสร็จสิ้น","","","","","3/6/2569 11:47:28","","","","",""
"JOB-260602-7BB","CUS-260602-589","พี่เมย์","2/6/2569","14:00","งานแก้(ในวัน)","BMW 525i","ฏฟ 856","ขาว","Hi-Kool BA","ประตูหลัง-ขวา","600","","","600","ร้าน","Mistake","","-","เสร็จสิ้น","Blue","","","","2/6/2569 15:42:40","","","","",""
"JOB-260603-217","CUS-260603-96E","พี่เมย์","3/6/2569","8:30","ลูกค้าใหม่","Honda Civic FC","ขน 8667","ขาว","Hi-Kool CM","เต็มคัน","4000","0","","4000","ศูนย์","Pro_Jun26","","-บานหน้า50/บานหลัง50/รอบคัน80","เสร็จสิ้น","","","","","3/6/2569 10:46:15","","","","",""
"JOB-260603-524","CUS-260603-523","พี่เมย์","3/6/2569","10:00","ลูกค้าใหม่","Isuzu D-Max Spacecab","1ฒง 1410","ขาว","3M Ultra Clear","เต็มคัน","7800","0","","7800","ศูนย์","Pro_Jun26","","บานหน้า50/รอบคัน70","เสร็จสิ้น","","","","","3/6/2569 11:45:11","","","","",""
"JOB-260603-2E3","CUS-260603-AA0","พี่เมย์","3/6/2569","13:00","ลูกค้าใหม่","Nissan Sylphy","1กฒ2770","ขาว","3M Ceramate","เต็มคัน","4000","100","Review: Google Map","3900","ศูนย์","Pro_Jun26","","-บานหน้า60/รอบคัน80","เสร็จสิ้น","Blue","","","","4/6/2569 13:39:56","","","","",""
"JOB-260603-731","CUST-260603-58B","นัท","3/6/2569","14:00","ลูกค้าใหม่","Honda CRV","วต 661","ขาว","Hi-Kool Beyond","เต็มคัน","8200","200","Review: Google Map, Review: facebook","8000","ศูนย์","Pro_Jun26","","-บานหน้า-บานหลัง50/รอบคัน60","เสร็จสิ้น","Orange","","","","4/6/2569 13:41:24","","","","",""
"JOB-260603-09C","CUST-260518-28B","นัท","3/6/2569","13:00","ลูกค้าเคลม","Isuzu mu-x","4 กย 9175","ขาว","3M Absolute","บานหน้า","3100","","","3100","ร้าน","Mistake","","เคลมบานหน้า 3M Absolute 60%","เสร็จสิ้น","Green","","","","3/6/2569 11:43:22","","","","",""
"JOB-260603-163","CUS-260603-66F","นัท","3/6/2569","13:00","ลูกค้าใหม่","Honda HRV","1 ขศ 9005","ขาว","Hi-Kool Beyond","เต็มคัน","7300","200","Review: Google Map, Review: facebook","7100","ศูนย์","Pro_Jun26","","-บานหน้า-บานหลัง60/ประตูคู่หน้า70/ประตูคู่หลัง80","เสร็จสิ้น","","","","","4/6/2569 13:40:38","","","","",""
"JOB-260603-90F","CUS-260603-4ED","นัท","6/6/2569","8:30","ลูกค้าใหม่","Honda City","1 กษ 8763","ขาว","G-TEC","เต็มคัน","3200","200","Review: Google Map, Review: facebook","3000","ร้าน","Pro_Jun26","","-บานหน้า50/บานหลัง60/รอบคัน70","เสร็จสิ้น","","","","","6/6/2569 10:09:12","","","","",""
"JOB-260603-A02","CUS-260603-50D","นัท","3/6/2569","13:00","ลูกค้าใหม่","Honda HRV","9 กค 2365","ขาว","3M Ceramate","เต็มคัน","4100","200","Review: Google Map, Review: facebook","3900","ศูนย์","Pro_Jun26","","-บานหน้า40/รอบคัน60","เสร็จสิ้น","","","","","4/6/2569 14:55:13","","","","",""
"JOB-260603-BA1","CUS-260603-678","นัท","4/6/2569","15:00","ลูกค้าใหม่","Honda City","6 กฎ 9335","ขาว","3M Absolute","บานหน้า","2700","0","","2700","ร้าน","Pro_Jun26","","","ยกเลิก","Red","","","","3/6/2569 14:04:39","","","","",""
"JOB-260603-0CB","CUS-260603-389","นัท","4/6/2569","13:00","ลูกค้าใหม่","Honda Mobilio","2 ขษ 7836","ขาว","3M Ceramate","เต็มคัน","5000","0","","5000","ศูนย์","Pro_Jun26","","บานหน้า60/รอบคัน80 

ชำระเงินแล้ว","เสร็จสิ้น","Green","","","","4/6/2569 15:00:54","","","","",""
"JOB-260603-231","CUST-260603-C18","นัท","13/6/2569","8:30","ลูกค้าใหม่","Mitsubishi Pajero Sport","6 กง 2528","ขาว","รอเลือก","เต็มคัน","0","","","0","ศูนย์","Pro_Jun26","","","ยกเลิก","Red","","","","3/6/2569 15:07:26","","","","",""
"JOB-260603-820","CUS-260603-F2F","พี่เมย์","13/6/2569","10:00","ลูกค้าใหม่","Honda City","ขก 6206","ขาว","3M Absolute","บานหน้า","2700","0","","2700","ร้าน","Pro_Jun26","","","ยกเลิก","Red","","","","3/6/2569 15:10:29","","","","",""
"JOB-260603-8CE","CUS-260603-AB4","นัท","4/6/2569","10:00","ลูกค้าใหม่","Mazda 3","5 กฌ 7416","ขาว","Hi-Kool Beyond","เต็มคัน","8000","0","","8000","ศูนย์","Pro_Jun26","","-บานหน้า60/รอบคัน80","เสร็จสิ้น","","","","","4/6/2569 12:04:18","","","","",""
"JOB-260604-D32","CUS-260604-EB7","นัท","4/6/2569","13:00","ลูกค้าใหม่","Mitsubishi Xpander Cross","1 ขย.9821","ขาว","3M Absolute","เต็มคัน","8400","0","","8400","ศูนย์","Pro_Jun26","","-บานหน้า-บานหลัง40/รอบคัน60","เสร็จสิ้น","","","","","4/6/2569 14:58:20","","","","",""
"JOB-260604-F9E","CUS-260603-AB4","นัท","4/6/2569","10:00","งานแก้(ในวัน)","Mazda 3","5 กฌ 7416","ขาว","Hi-Kool Beyond","ประตูหลัง-ซ้าย","1300","0","","1300","ศูนย์","Mistake","","- รีดหัก","เสร็จสิ้น","Blue","","","","6/6/2569 8:18:13","","","","",""
"JOB-260604-C51","CUS-260604-0F2","นัท","4/6/2569","13:00","ลูกค้าใหม่","Honda city Hatcback","2 ขย 5979","ขาว","3M Ultra Clear","เต็มคัน","9900","200","Review: Google Map, Review: facebook","9700","ศูนย์","Pro_Jun26","","-บานหน้า70/รอบคัน80","เสร็จสิ้น","","","","","4/6/2569 15:14:03","","","","",""
"JOB-260604-BA3","CUS-260604-D78","นัท","5/6/2569","13:00","ลูกค้าใหม่","Changan Deepal S07","5 ขถ 3345","ขาว","รอเลือก","เต็มคัน, ซันรูฟ","0","0","","0","ศูนย์","Pro_Jun26","","","ยกเลิก","Red","","","","4/6/2569 13:03:07","","","","",""
"JOB-260604-1C1","CUS-260604-0EA","นัท","5/6/2569","10:00","ลูกค้าใหม่","Mazda 2","9 กฉ 1369","ขาว","3M Ultra Clear","เต็มคัน","9900","0","","9900","ศูนย์","Pro_Jun26","","-บานหน้า60/รอบคัน70","เสร็จสิ้น","","","","","5/6/2569 11:25:33","","","","",""
"JOB-260604-09A","CUS-260604-ACF","นัท","4/6/2569","15:00","ลูกค้าใหม่","Honda City","4 กบ 9954","ขาว","3M Ceramate","เต็มคัน","4000","0","","4000","ศูนย์","Pro_Jun26","","-บานหน้า60/รอบคัน80","เสร็จสิ้น","","","","","4/6/2569 15:42:25","","","","",""
"JOB-260604-1E3","CUS-260604-EB7","นัท","4/6/2569","13:00","งานแก้(ในวัน)","Mitsubishi Xpander Cross","1 ขย.9821","ขาว","3M Absolute","ประตูหลัง-ซ้าย","1200","0","","1200","ร้าน","Mistake","","ประตูหลังซ้าย 60","เสร็จสิ้น","Green","","","","4/6/2569 15:00:33","","","","",""
"JOB-260605-7D4","CUS-260605-E05","พี่เมย์","6/6/2569","10:00","ลูกค้าใหม่","Honda Civic","6 กว 2500","ขาว","Hi-Kool Beyond","เต็มคัน","7200","0","","7200","ศูนย์","Pro_Jun26","","-บานหน้า60/ประตูคู่หน้า70/3บานหลัง80","เสร็จสิ้น","","","","","12/6/2569 9:58:15","","","","",""
"JOB-260605-853","CUST-260528-418","นัท","5/6/2569","10:00","ลูกค้าเก่า","‎Mitsubishi Pajero","5 ขก 1211","ขาว","3M Ultra Clear","ประตูหน้า-ซ้าย, ประตูหน้า-ขวา","3600","0","","3600","ร้าน","Pro_Jun26","","-ประตูคู่หน้า 60","เสร็จสิ้น","Orange","","","","5/6/2569 10:57:23","","","","",""
"JOB-260605-E6E","CUS-260605-456","พี่เมย์","6/6/2569","8:30","ลูกค้าใหม่","Toyota Vios","3กข 1005","ขาว","รอเลือก","บานหน้า","0","0","","0","ร้าน","Pro_Jun26","","","ยกเลิก","Red","","","","5/6/2569 10:17:18","","","","",""
"JOB-260605-831","CUS-260605-FDF","พี่เมย์","27/6/2569","10:00","ลูกค้าใหม่","Honda City","2กศ 2539","ขาว","Hi-Kool Beyond","เต็มคัน","7200","0","","7200","ศูนย์","Pro_Jun26","","-","คิวใหม่","","","","","12/6/2569 8:02:51","","","","",""
"JOB-260605-432","CUS-260604-0EA","นัท","5/6/2569","10:00","งานแก้(ในวัน)","Mazda 2","9 กฉ 1369","ขาว","3M Ultra Clear","บานหน้า","4400","0","","4400","ร้าน","Mistake","","-บานหน้า60","เสร็จสิ้น","Blue","","","","5/6/2569 11:25:35","","","","",""
"JOB-260605-342","CUS-260605-472","นัท","5/6/2569","13:00","ลูกค้าใหม่","Benz E200","ภฌ 919","ขาว","3M Ultra Clear","ประตูหน้า-ขวา","1300","0","","1300","ร้าน","Pro_Jun26","","- ประตูคู่หน้า 60","เสร็จสิ้น","Orange","","","","5/6/2569 14:02:02","","","","",""
"JOB-260605-F59","CUS-260605-2BA","พี่เมย์","5/6/2569","14:30","ลูกค้าใหม่","Honda Civic","9 กภ 6039","ขาว","G-TEC","เต็มคัน","3200","0","","3200","ร้าน","Pro_Jun26","","-บานหน้า60/บานหลัง70/รอบคัน80","เสร็จสิ้น","Blue","","","","5/6/2569 14:57:44","","","","",""
"JOB-260605-44B","CUS-260605-BE7","พี่เมย์","10/6/2569","8:30","ลูกค้าใหม่","Toyota Vios","1กผ 9021","ขาว","3M FX","ประตูหน้า-ซ้าย, ประตูหน้า-ขวา","1200","0","","1200","ร้าน","Pro_Jun26","","-ประตูคู่หน้า FX20 /ประตูหลังซ้าย IZY20","เสร็จสิ้น","","","","","10/6/2569 9:19:42","","","","",""
"JOB-260605-43D","CUS-260602-2FC","นัท","5/6/2569","13:00","งานแก้(ในวัน)","BYD Seal6","ฉก 9097","ขาว","Hi-Kool Beyond","ประตูหลัง-ซ้าย","1700","0","","1700","ร้าน","Mistake","","-ประตูหลังซ้าย50 %","เสร็จสิ้น","Blue","","","","12/6/2569 9:57:34","","","","",""
"JOB-260605-814","CUS-260605-2BA","พี่เมย์","5/6/2569","14:30","งานแก้(ในวัน)","Honda Civic","9 กภ 6039","ขาว","G-TEC","ประตูหลัง-ซ้าย","400","0","","400","ร้าน","Mistake","","80%","เสร็จสิ้น","Green","","","","5/6/2569 15:13:51","","","","",""
"JOB-260605-7E2","CUS-260605-9E9","นัท","8/6/2569","8:15","ลูกค้าใหม่","Nissan Almera","1 ขฒ 7304","ขาว","3M Ultra Clear","เต็มคัน","9900","200","Review: Google Map, Review: facebook","9700","ศูนย์","Pro_Jun26","","-บานหน้า70/รอบคัน80","เสร็จสิ้น","","","","","8/6/2569 10:41:39","","","","",""
"JOB-260605-EEE","CUS-260605-128","นัท","8/6/2569","10:00","ลูกค้าใหม่","Volvo S80","ญอ 2368","ขาว","3M Ceramate","เต็มคัน","4400","0","","4400","ศูนย์","Pro_Jun26","","-บานหน้า40/รอบคัน60","เสร็จสิ้น","","","","","8/6/2569 12:50:10","","","","",""
"JOB-260605-587","CUS-260605-6FB","พี่เมย์","6/6/2569","13:00","ลูกค้าใหม่","Honda City","ขก 6206","ขาว","3M Absolute","บานหน้า","2700","0","","2700","ร้าน","Pro_Jun26","","-บานหน้า40","เสร็จสิ้น","","","","","6/6/2569 13:54:43","","","","",""
"JOB-260606-4C4","CUS-260606-7F9","นัท","6/6/2569","13:00","ลูกค้าใหม่","Toyota Camry","ก 4549","แดง","3M Absolute","เต็มคัน","9400","200","Review: Facebook, Review: Google Map","9200","ศูนย์","Pro_Jun26","","-บานหน้า-ซันรูฟ40/ประตูคู่หน้า60/ประตูคู่หลัง80","เสร็จสิ้น","Blue","","","","6/6/2569 15:00:57","","","","",""
"JOB-260606-724","CUS-260606-45A","นัท","6/6/2569","8:30","ลูกค้าใหม่","‎Mitsubishi Pajero","6 กง 2528","ขาว","Hi-Kool CM","เต็มคัน","4600","200","Review: Google Map, Review: facebook","4400","ศูนย์","Pro_Jun26","","-บานหน้า50/ประตูคู่หน้า60/3บานหลัง80","เสร็จสิ้น","Blue","","","","6/6/2569 11:00:23","","","","",""
"JOB-260606-FAE","CUS-260606-624","นัท","6/6/2569","14:00","ลูกค้าใหม่","Honda Freed","2 กร 5927","ขาว","3M Ultra Clear","บานหน้า","5200","0","","5200","ร้าน","Pro_Jun26","","-บานหน้า60","เสร็จสิ้น","Blue","","","","6/6/2569 16:38:21","","","","",""
"JOB-260606-C5E","CUS-260606-45A","นัท","6/6/2569","8:30","งานแก้(ในวัน)","‎Mitsubishi Pajero","6 กง 2528","ขาว","Hi-Kool CM","ประตูหน้า-ขวา","800","0","","800","ร้าน","Mistake","","-บานหน้า50/ประตูคู่หน้า60/3บานหลัง80","เสร็จสิ้น","Blue","","","","7/6/2569 10:40:13","","","","",""
"JOB-260606-46F","CUS-260606-39F","พี่เมย์","6/6/2569","14:30","ลูกค้าใหม่","Toyota Vios","8 กว 3714","ขาว","3M Ultra Clear","เต็มคัน","9900","200","Review: Google Map, Review: facebook","9700","ศูนย์","Pro_Jun26","","-บานหน้า60/บานหลัง70/รอบคัน80","เสร็จสิ้น","","","","","6/6/2569 16:38:48","","","","",""
"JOB-260606-C66","CUS-260606-7F9","นัท","6/6/2569","13:00","งานแก้(ในวัน)","Toyota Camry","ก 4549","แดง","3M Absolute","ประตูหลัง-ซ้าย","800","0","","800","ร้าน","Mistake","","-","เสร็จสิ้น","Orange","","","","6/6/2569 15:01:02","","","","",""
"JOB-260606-0C4","CUS-260606-03D","นัท","8/6/2569","10:00","ลูกค้าใหม่","Mitsubishi Lancer EX","5 กค 9967","ขาว","G-TEC","เต็มคัน","3200","0","","3200","ร้าน","Pro_Jun26","","บานหน้า60/รอบคัน70","เสร็จสิ้น","","","","","8/6/2569 10:37:10","","","","",""
"JOB-260606-E95","CUS-260606-E99","นัท","8/6/2569","14:30","ลูกค้าใหม่","Honda Civic","1 กร 3694","ขาว","Hi-Kool CM","เต็มคัน","4000","200","Review: Google Map, Review: facebook","3800","ศูนย์","Pro_Jun26","","-บานหน้า50/รอบคัน60","เสร็จสิ้น","","","","","12/6/2569 9:52:28","","","","",""
"JOB-260608-2A0","CUS-260608-2D1","นัท","13/6/2569","8:30","ลูกค้าใหม่","Mazda CX-5","6 กพ 8145","ขาว","G-TEC","เต็มคัน","3700","0","","3700","ศูนย์","Pro_Jun26","","-รอบคัน50/ประตูคู่หลัง60","เสร็จสิ้น","","","","","13/6/2569 11:29:01","","","","",""
"JOB-260608-68D","CUS-260608-3FF","นัท","8/6/2569","15:00","ลูกค้าใหม่","Honda Accord","ฆก 8485","ขาว","Hi-Kool CM","เต็มคัน","4500","0","","4500","ศูนย์","Pro_Jun26","","-บานหน้า50/รอบคัน60","เสร็จสิ้น","","","","","12/6/2569 9:58:42","","","","",""
"JOB-260608-B6B","CUS-260605-128","นัท","8/6/2569","10:00","งานแก้(ในวัน)","Volvo S80","ญอ 2368","ขาว","3M Ceramate","ประตูหลัง-ซ้าย","0","0","","0","ร้าน","Mistake","","","ยกเลิก","Red","","","","8/6/2569 11:43:50","","","","",""
"JOB-260608-0B2","CUS-260608-15A","พี่เมย์","12/6/2569","10:00","ลูกค้าใหม่","Honda City","6 กช 4907","ขาว","3M Absolute","บานหน้า","2700","0","","2700","ร้าน","Pro_Jun26","","-บานหน้า40","เสร็จสิ้น","","","","","12/6/2569 10:18:24","","","","",""
"JOB-260609-87A","CUS-260609-CA4","นัท","9/6/2569","22:03","ลูกค้าใหม่","Mazda CX-5","7 กล 3514","ขาว","G-TEC","ประตูหน้า-ซ้าย, ประตูหน้า-ขวา","1000","0","","1000","ร้าน","Pro_Jun26","","-ประตูหน้าซ้าย-ขวา 60","เสร็จสิ้น","Green","","","","12/6/2569 9:59:08","","","","",""
"JOB-260609-B25","CUS-260609-CA4","นัท","9/6/2569","22:03","ลูกค้าใหม่","Mazda CX-5","7 กล 3514","ขาว","G-TEC","ประตูหน้า-ซ้าย , ประตูหน้า-ขวา","1000","0","","1000","ร้าน","Pro_Jun26","","","ยกเลิก","Red","","","","9/6/2569 15:36:42","","","","",""
"JOB-260610-959","CUS-260610-1C5","นัท","27/6/2569","13:00","ลูกค้าใหม่","Nissan X-Trail","6 กฎ 9987","ขาว","รอเลือก","เต็มคัน","0","0","","0","ศูนย์","Pro_Jun26","","","คิวใหม่","","","","","10/6/2569 9:17:58","","","","",""
"JOB-260610-D33","CUS-260610-664","นัท","10/6/2569","13:00","ลูกค้าใหม่","Toyota Altis","9 กน 6341","ขาว","3M Ceramate","เต็มคัน","4000","200","","3800","ศูนย์","Pro_Jun26","","-บานหน้า40/รอบคัน60","เสร็จสิ้น","Green","","","","10/6/2569 13:57:19","","","","",""
"JOB-260610-F6C","CUS-260610-8E6","พี่เมย์","11/6/2569","10:00","ลูกค้าใหม่","Toyota Camry","1 กก 179","ขาว","3M Ultra Clear","เต็มคัน","10900","0","","10900","ศูนย์","Pro_Jun26","","-บานหน้า-บานหลัง60/รอบคัน70","เสร็จสิ้น","","","","","11/6/2569 16:24:35","","","","",""
"JOB-260610-78E","CUS-260610-6D7","นัท","10/6/2569","13:00","ลูกค้าใหม่","Honda Civic","6 กฬ 679","ขาว","3M Ultra Clear","เต็มคัน","9900","200","","9700","ศูนย์","Pro_Jun26","","-บานหน้า-บานหลัง60/รอบคัน80","เสร็จสิ้น","","","","","10/6/2569 14:48:07","","","","",""
"JOB-260610-9E2","CUS-260610-CC6","นัท","10/6/2569","13:00","ลูกค้าใหม่","Honda Civic","1 ขถ 2157","ขาว","3M Absolute","บานหน้า","2700","0","","2700","ร้าน","Pro_Jun26","","-บานหน้า 40","เสร็จสิ้น","","","","","10/6/2569 13:56:08","","","","",""
"JOB-260610-890","CUS-260610-E35","พี่เมย์","13/6/2569","13:00","ลูกค้าใหม่","Toyota Fortuner","กย 2150","ขาว","G-TEC","เต็มคัน","4000","200","Review: Google Map, Review: facebook","3800","ร้าน","Pro_Jun26","","-บานหน้า60/รอบคัน80","เสร็จสิ้น","","","","","13/6/2569 15:38:21","","","","",""
"JOB-260610-73E","CUS-260610-FC3","นัท","13/6/2569","13:00","ลูกค้าใหม่","Toyota Commuter","ฮบ 9755","ขาว","Hi-Kool CM","เต็มคัน","8239","0","","8239","ศูนย์","Pro_Jun26","","-บานหน้า-บานหลัง50/รอบคัน60 
เพิ่ม Vat 7% เป็น 8239","เสร็จสิ้น","","","","","15/6/2569 9:24:42","","","","",""
"JOB-260610-64A","CUS-260610-158","พี่เมย์","11/6/2569","13:00","ลูกค้าใหม่","Nissan Note","กท3521","ขาว","Hi-Kool CM","เต็มคัน","4600","0","","4600","ศูนย์","Pro_Jun26","","-บานหน้า50/ประตูคู่หน้า60/3บานหลัง80","เสร็จสิ้น","","","","","11/6/2569 14:07:25","","","","",""
"JOB-260611-F43","CUST-260611-5A0","นัท","11/6/2569","10:00","ลูกค้าเคลม","Nissan March","5 กฒ 8931","ขาว","G-TEC","เต็มคัน","3000","0","","3000","ร้าน","Mistake","","ติดตั้งวันที่ 12/12/62 รับประกัน 10 ปี","เสร็จสิ้น","Green","","","","11/6/2569 12:26:30","","","","",""
"JOB-260611-DFE","CUS-260611-2DB","พี่เมย์","13/6/2569","13:00","ลูกค้าใหม่","Mazda 2","ฮ 3384","แดง","AmericanKing Ultra UV400","เต็มคัน","6800","0","","6800","ร้าน","Pro_Jun26","","-บานหน้า70/รอบคัน80","เสร็จสิ้น","","","","","13/6/2569 14:20:25","","","","",""
"JOB-260611-640","CUS-260611-FF8","พี่เมย์","12/6/2569","8:30","ลูกค้าใหม่","BYD M6","7 ขฉ 6108","ขาว","Hi-Kool CM","บานหน้า","2200","0","","2200","ร้าน","Pro_Jun26","","","ยกเลิก","Red","","","","11/6/2569 15:20:42","","","","",""
"JOB-260611-E56","CUS-260611-E1C","พี่เมย์","12/6/2569","13:00","ลูกค้าใหม่","Honda Civic FB","1 กค 4946","ขาว","Hi-Kool CM","เต็มคัน","4000","0","","4000","ศูนย์","Pro_Jun26","","-บานหน้า-บานหลัง50/รอบคัน60","เสร็จสิ้น","Green","","","","13/6/2569 8:00:41","","","","",""
"JOB-260612-314","CUS-260612-AF0","นัท","13/6/2569","10:00","ลูกค้าใหม่","Honda City","ขข 7316","ขาว","Hi-Kool CM","เต็มคัน","4000","200","Review: Google Map, Review: facebook","3800","ศูนย์","Pro_Jun26","","-บานหน้า-บานหลัง60/รอบคัน80","เสร็จสิ้น","Orange","","","","13/6/2569 11:31:12","","","","",""
"JOB-260612-389","CUS-260612-4D5","นัท","12/6/2569","10:00","ลูกค้าใหม่","Toyota Prius","ฆท 9555","ขาว","3M Ultra Clear","บานหน้า","3500","0","","3500","ร้าน","Pro_Jun26","","-บานหน้า50 ลูกค้าพี่ปอลดให้เหลือ3500","เสร็จสิ้น","Green","","","","12/6/2569 11:13:56","","","","",""
"JOB-260612-BFD","CUS-260612-5A7","พี่เมย์","12/6/2569","13:00","ลูกค้าใหม่","JAECOO 6","7468","ขาว","รอเลือก","บานหลัง, ประตูหน้า-ซ้าย, ประตูหน้า-ขวา, ประตูหลัง-ซ้าย, ประตูหลัง-ขวา","0","0","","0","ร้าน","Pro_Jun26","","","ยกเลิก","Red","","","","12/6/2569 10:25:46","","","","",""
"JOB-260612-6DA","CUS-260612-D75","พี่เมย์","12/6/2569","13:00","ลูกค้าใหม่","Toyota Revo Cab","บพ 7558","ขาว","3M Absolute","เต็มคัน","5400","0","","5400","ศูนย์","Pro_Jun26","","-บานหน้า40/ประตูคู่หน้า60/3บานหลัง80","เสร็จสิ้น","Green","","","","13/6/2569 8:01:12","","","","",""
"JOB-260612-33F","CUS-260612-8C8","พี่เมย์","13/6/2569","8:30","ลูกค้าใหม่","Toyota Sienta","6 กษ 7555","ขาว","Hi-Kool CM","เต็มคัน","5000","0","","5000","ศูนย์","Pro_Jun26","","-บานหน้า60/รอบคัน80","เสร็จสิ้น","","","","","13/6/2569 10:34:32","","","","",""
"JOB-260612-291","CUS-260612-066","พี่เมย์","13/6/2569","8:00","ลูกค้าใหม่","Toyota Camry","4กฐ 1605","ขาว","3M Ceramate","เต็มคัน","4400","0","","4400","ศูนย์","Pro_Jun26","","-บานหน้า40/รอบคัน60","เสร็จสิ้น","","","","","13/6/2569 10:34:11","","","","",""
"JOB-260613-3CA","CUS-260613-B4A","พี่เมย์","20/6/2569","13:00","ลูกค้าใหม่","ORA 05 (Good Cat)","ข 4872","ขาว","3M Ultra Clear","เต็มคัน, ซันรูฟ","13500","0","","13500","ศูนย์","Pro_Jun26","","-บานหน้า60/รอบคัน70/ซันรูฟ80","เสร็จสิ้น","Green","","","","23/6/2569 8:31:12","","","","",""
"JOB-260615-5CC","CUST-260530-280","นัท","15/6/2569","11:00","ลูกค้าเก่า","Mitsubishi G-Wagon","ฉพ 1074","ขาว","G-TEC","เต็มคัน","4000","0","","4000","ร้าน","Pro_Jun26","","-บานหน้า40/รอบคัน50","เสร็จสิ้น","Orange","","","","15/6/2569 12:08:55","","","","",""
"JOB-260615-AC9","CUS-260615-4FE","นัท","16/6/2569","13:00","ลูกค้าใหม่","BYD Sealion7","จก 9544","ขาว","Hi-Kool CM","บานหน้า","2000","0","","2000","ร้าน","Pro_Jun26","","-บานหน้า50","เสร็จสิ้น","","","","","16/6/2569 13:36:58","","","","",""
"JOB-260615-F4A","CUS-260615-07B","นัท","15/6/2569","15:00","ลูกค้าเคลม","BYD Sealion6","ก 6243","ขาว","3M Ultra Clear","ประตูหน้า-ซ้าย","1700","0","","1700","ร้าน","Mistake","","-ติดตั้งตั้งแต่วันที่ 12/6/68 เคลมประตูหน้าซ้าย CMIR 15","เสร็จสิ้น","","","","","16/6/2569 10:26:36","","","","",""
"JOB-260616-839","CUS-260616-104","พี่เมย์","16/6/2569","13:00","ลูกค้าใหม่","GEELY EX5","ฒ 2294","แดง","3M Ultra Clear","เต็มคัน, ซันรูฟ","15300","0","","15300","ศูนย์","Pro_Jun26","","-บานหน้า70/รอบคัน+ซันรูฟ80","เสร็จสิ้น","Orange","","","","16/6/2569 14:41:46","","","","",""
"JOB-260616-92F","CUS-260616-D67","นัท","16/6/2569","13:00","ลูกค้าใหม่","Audi Q3","9 กต 884","ขาว","Hi-Kool CM","บานหลัง","1600","0","","1600","ร้าน","Pro_Jun26","","-บานหลัง60","เสร็จสิ้น","Orange","","","","16/6/2569 14:01:18","","","","",""
"JOB-260616-E84","CUS-260616-0F9","นัท","16/6/2569","13:00","ลูกค้าใหม่","Chevrolet Cruze","5 กว 2775","ขาว","Nanotech NCI","บานหน้า","1900","0","","1900","ร้าน","Pro_Jun26","","-บานหน้า 50","เสร็จสิ้น","","","","","16/6/2569 14:25:04","","","","",""
"JOB-260616-DCB","CUS-260616-F82","พี่เมย์","19/6/2569","8:30","ลูกค้าใหม่","Benz C220d","ศฐ 8969","ขาว","3M Absolute","เต็มคัน","7500","200","Review: Google Map, Review: Facebook","7300","ศูนย์","Pro_Jun26","","-บานหน้า40/รอบคัน60","เสร็จสิ้น","Green","","","","23/6/2569 8:27:20","","","","",""
"JOB-260616-EDB","CUS-260616-27E","พี่เมย์","17/6/2569","10:00","ลูกค้าใหม่","Toyota Yaris ATIV","5ขด 8360","ขาว","Hi-Kool Beyond","เต็มคัน","7200","200","Review: facebook, Review: Google Map","7000","ศูนย์","Pro_Jun26","","-บานหน้า50/บานหลัง80/รอบคัน70","เสร็จสิ้น","Green","","","","18/6/2569 14:05:30","","","","",""
"JOB-260617-691","CUS-260617-276","พี่เมย์","19/6/2569","13:00","ลูกค้าเคลม","Honda Accord","5กว 6568","ขาว","3M Ultra Clear","บานหน้า","5200","0","","5200","ร้าน","Mistake","","ติดตั้งวันที่ 4/4/69","เสร็จสิ้น","Green","","","","17/6/2569 9:03:59","","","","",""
"JOB-260617-EE2","CUS-260617-BC8","พี่เมย์","17/6/2569","11:00","ลูกค้าใหม่","Changan lumin EV","7 ขฒ 5828","ขาว","Hi-Kool CM","เต็มคัน","4000","0","","4000","ศูนย์","Pro_Jun26","","-บานหน้า50/รอบคัน60","เสร็จสิ้น","Green","","","","18/6/2569 14:05:53","","","","",""
"JOB-260617-232","CUS-260617-3FC","พี่เมย์","17/6/2569","13:00","ลูกค้าใหม่","benz w212","ณภ 52","ขาว","IZY-KOOL Ceramic","บานหลัง","1000","0","","1000","ร้าน","Pro_Jun26","","ติดฟิล์มภายนอก ไม่เอาใบรับประกัน","เสร็จสิ้น","Green","","","","17/6/2569 12:52:26","","","","",""
"JOB-260617-1AA","CUS-260617-67F","พี่เมย์","24/6/2569","8:30","ลูกค้าใหม่","Benz C-Class","4 ขท 2797","ขาว","3M Ultra Clear","เต็มคัน","10900","0","","10900","ศูนย์","Pro_Jun26","","-บานหน้า60/รอบคัน70","เสร็จสิ้น","","","","","24/6/2569 10:42:35","","","","",""
"JOB-260618-933","CUS-260618-F77","นัท","18/6/2569","10:00","ลูกค้าใหม่","Honda BR-V","8 กผ 9235","ขาว","G-TEC","เต็มคัน","4000","0","","4000","ร้าน","Pro_Jun26","","-50รอบคัน","เสร็จสิ้น","","","","","18/6/2569 14:08:12","","","","",""
"JOB-260618-413","CUS-260618-4C4","นัท","18/6/2569","10:00","ลูกค้าใหม่","ORA 05 (Good Cat)","3420","แดง","3M Ultra Clear","เต็มคัน, ซันรูฟ","13500","0","","13500","ศูนย์","Pro_Jun26","","-บานหน้า50/รอบคัน+ซันรูฟ80","เสร็จสิ้น","","","","","18/6/2569 14:56:52","","","","",""
"JOB-260618-DAD","CUS-260618-5D0","นัท","18/6/2569","13:00","ลูกค้าใหม่","Toyota Vios","ฌศ 8966","ขาว","G-TEC","เต็มคัน","3200","200","","3000","ร้าน","Pro_Jun26","","-บานหน้า70/รอบคัน80","เสร็จสิ้น","Green","","","","18/6/2569 14:57:12","","","","",""
"JOB-260618-2E2","CUS-260618-383","นัท","18/6/2569","13:00","ลูกค้าใหม่","Toyota Vios","5 ขภ 7953","ขาว","G-TEC","บานหน้า","1300","0","","1300","ร้าน","Pro_Jun26","","-บานหน้า40","เสร็จสิ้น","","","","","18/6/2569 14:57:27","","","","",""
"JOB-260619-CE7","CUS-260619-263","พี่เมย์","19/6/2569","10:00","ลูกค้าใหม่","GEELY EX2","ข 3098","แดง","Hi-Kool Beyond","เต็มคัน","8700","200","Review: Google Map, Review: Facebook","8500","ศูนย์","Pro_Jun26","","-บานหน้า70/รอบคัน80","เสร็จสิ้น","Green","","","","23/6/2569 8:27:41","","","","",""
"JOB-260619-97A","CUS-260619-AEF","พี่เมย์","19/6/2569","10:00","ลูกค้าใหม่","Ford Everest","5กภ 7012","ขาว","G-TEC","เต็มคัน","3700","200","Review: Google Map, Review: Facebook","3500","ร้าน","Pro_Jun26","","-บานหน้า40/รอบคัน80","เสร็จสิ้น","Green","","","","23/6/2569 8:28:05","","","","",""
"JOB-260619-CC6","CUS-260619-AEF","พี่เมย์","19/6/2569","10:00","งานแก้(ในวัน)","Ford Everest","5กภ 7012","ขาว","G-TEC","ประตูหลัง-ขวา","500","0","","500","ร้าน","Mistake","","-ช่างรีดหัก","เสร็จสิ้น","Green","","","","23/6/2569 8:28:33","","","","",""
"JOB-260619-4F9","CUS-260619-8BA","พี่เมย์","25/6/2569","13:00","ลูกค้าใหม่","Toyota Altis","ญร 1481","ขาว","3M Ceramate","เต็มคัน","4000","0","","4000","ศูนย์","Pro_Jun26","","","ยกเลิก","Red","","","","19/6/2569 11:42:28","","","","",""
"JOB-260619-C40","CUS-260619-554","","19/6/2569","13:00","ลูกค้าใหม่","Toyota Altis","-","","G-TEC","เต็มคัน","3200","0","","3200","ร้าน","Pro_Jun26","","","ยกเลิก","Red","","","","19/6/2569 12:24:05","","","","",""
"JOB-260619-367","CUST-260619-0B8","พี่เมย์","19/6/2569","13:00","ลูกค้าใหม่","Toyota Altis","1 กว 2861","ขาว","G-TEC","เต็มคัน","3200","0","","3200","ร้าน","Pro_Jun26","","-บานหน้า50/รอบคัน80","เสร็จสิ้น","Green","","","","23/6/2569 8:28:53","","","","",""
"JOB-260619-AB5","CUS-260619-911","พี่เมย์","19/6/2569","13:00","ลูกค้าใหม่","Benz S500","ขก 2822","ขาว","Hi-Kool CM","เต็มคัน","4500","0","","4500","ศูนย์","Pro_Jun26","","-บานหน้า60/รอบคัน80","เสร็จสิ้น","Green","","","","23/6/2569 8:29:15","","","","",""
"JOB-260619-9B4","CUS-260619-FDB","พี่เมย์","19/6/2569","14:30","ลูกค้าใหม่","Toyota Altis","5กฬ 6914","ขาว","Hi-Kool CM","เต็มคัน","4000","200","Review: facebook, Review: Google Map","3800","ศูนย์","Pro_Jun26","","-บานหน้า-บานหลัง50/ประตูคู่หน้า60/ประตูคู่หลัง80","เสร็จสิ้น","Green","","","","23/6/2569 8:29:50","","","","",""
"JOB-260619-EE5","CUS-260619-D88","พี่เมย์","20/6/2569","10:00","ลูกค้าใหม่","Toyota Fortuner","2 กข 4636","ขาว","Hi-Kool Beyond","เต็มคัน","8900","200","Review: Google Map, Review: Facebook","8700","ศูนย์","Pro_Jun26","","-บานหน้า60/รอบคัน80","เสร็จสิ้น","Green","","","","23/6/2569 8:30:15","","","","",""
"JOB-260619-989","CUS-260619-2FD","พี่เมย์","20/6/2569","14:00","ลูกค้าใหม่","Honda Civic FC","1ขช 5662","ขาว","Hi-Kool Beyond","เต็มคัน","7200","0","","7200","ศูนย์","Pro_Jun26","","-บานหน้า60/รอบคัน70","เสร็จสิ้น","Green","","","","23/6/2569 8:32:10","","","","",""
"JOB-260619-6B5","CUS-260619-E21","พี่เมย์","25/6/2569","10:00","ลูกค้าใหม่","MG IM6","-","ขาว","Cooper TPU","ซันรูฟ","14200","0","","14200","ร้าน","Pro_Jun26","","","ยกเลิก","Red","","","","19/6/2569 17:22:42","","","","",""
"JOB-260619-527","CUS-260619-734","พี่เมย์","20/6/2569","13:00","ลูกค้าใหม่","Honda HRV","1 ขย 5395","ขาว","3M Absolute","เต็มคัน","6900","0","","6900","ศูนย์","Pro_Jun26","","-60รอบคัน","เสร็จสิ้น","Green","","","","23/6/2569 8:31:30","","","","",""
"JOB-260620-51F","CUS-260620-4F0","พี่เมย์","20/6/2569","13:00","ลูกค้าใหม่","Toyota Vios","ญล 9916","ขาว","3M Absolute","เต็มคัน","6800","0","","6800","ศูนย์","Pro_Jun26","","-บานหน้า60/รอบคัน80","เสร็จสิ้น","Green","","","","23/6/2569 8:31:52","","","","",""
"JOB-260620-614","CUS-260620-5E3","พี่เมย์","20/6/2569","10:00","ลูกค้าใหม่","Tesla Model 3","ฌษ 595","ขาว","Hi-Kool Beyond","เต็มคัน, ซันรูฟ","11500","200","Review: Google Map, Review: Facebook","11300","ศูนย์","Pro_Jun26","","-บานหน้า50/รอบคัน70/ซันรูฟ80","เสร็จสิ้น","Green","","","","23/6/2569 8:30:44","","","","",""
"JOB-260620-968","CUS-260620-5E3","พี่เมย์","20/6/2569","10:00","ลูกค้าใหม่","Tesla Model 3","ฌษ 595","ขาว","Hi-Kool Beyond","เต็มคัน , ซันรูฟ","11500","200","Review: Google Map , Review: Facebook","11300","ศูนย์","Pro_Jun26","","","ยกเลิก","Red","","","","20/6/2569 10:19:02","","","","",""
"JOB-260620-206","CUST-260620-1E3","พี่เมย์","20/6/2569","15:00","ลูกค้าใหม่","Toyota Camry","กม 8293","ขาว","3M Ultra Clear","เต็มคัน","10900","200","Review: Google Map, Review: Facebook","10700","ศูนย์","Pro_Jun26","","-บานหน้า60/รอบคัน70","เสร็จสิ้น","Green","","","","23/6/2569 8:32:33","","","","",""
"JOB-260622-D10","CUS-260622-61D","พี่เมย์","23/6/2569","8:15","ลูกค้าใหม่","Nissan Almera","3 กฌ 8186","ขาว","G-TEC","บานหน้า","1300","0","","1300","ร้าน","Pro_Jun26","","-บานหน้า50","เสร็จสิ้น","","","","","23/6/2569 10:36:23","","","","",""
"JOB-260622-DE5","CUS-260622-395","พี่เมย์","22/6/2569","10:00","ลูกค้าใหม่","Isuzu mu-7","ชช 4060","ขาว","G-TEC","เต็มคัน","3000","0","","3000","ร้าน","Pro_Jun26","","-","ยกเลิก","Red","","","","22/6/2569 8:23:08","","","","",""
"JOB-260622-1E8","CUS-260622-555","พี่เมย์","22/6/2569","13:00","ลูกค้าใหม่","Nissan March","ฆญ 425","ขาว","G-TEC","เต็มคัน","3000","0","","3000","ร้าน","Pro_Jun26","","","ยกเลิก","Red","","","","22/6/2569 8:14:56","","","","",""
"JOB-260622-292","CUS-260622-555","พี่เมย์","22/6/2569","13:00","ลูกค้าใหม่","Nissan March","ฆญ 425","ขาว","G-TEC","เต็มคัน","3000","0","","3000","ร้าน","Pro_Jun26","","-บานหน้า60/รอบคัน80","เสร็จสิ้น","Orange","","","","23/6/2569 8:33:02","","","","",""
"JOB-260622-41E","CUS-260619-E21","นัท","24/6/2569","13:00","ลูกค้าเก่า","MG IM6","-","แดง","Cooper TPU","ซันรูฟ","0","0","","0","ร้าน","Pro_Jun26","","","ยกเลิก","Red","","","","22/6/2569 8:54:41","","","","",""
"JOB-260622-D7B","CUS-260622-C31","นัท","22/6/2569","13:00","ลูกค้าใหม่","Suzuki Fronx","ก 7592","แดง","3M Ultra Clear","เต็มคัน","10000","200","Review: Google Map, Review: facebook","9800","ศูนย์","Pro_Jun26","","-บานหน้า50/รอบคัน70","เสร็จสิ้น","","","","","23/6/2569 8:33:24","","","","",""
"JOB-260622-E67","CUS-260622-2E8","นัท","22/6/2569","13:00","ลูกค้าใหม่","Honda CRV","7 กย 3979","ขาว","3M Ultra Clear","เต็มคัน","11300","300","Review: Google Map, Review: facebook, ส่วนลดพิเศษคุณปอ","11000","ศูนย์","Pro_Jun26","","-80รอบคัน","เสร็จสิ้น","","","","","23/6/2569 8:33:41","","","","",""
"JOB-260622-0D2","CUS-260622-491","นัท","24/6/2569","10:00","ลูกค้าใหม่","Benz E200","6 ขฬ 7304","ขาว","Hi-Kool CM","เต็มคัน","4500","200","Review: Google Map, Review: facebook","4300","ศูนย์","Pro_Jun26","","-บานหน้า50/รอบคัน60","เสร็จสิ้น","","","","","24/6/2569 11:52:34","","","","",""
"JOB-260622-2C3","CUS-260622-9EB","นัท","24/6/2569","8:30","ลูกค้าใหม่","Toyota Fortuner","9 กช 8426","ขาว","Hi-Kool CM","เต็มคัน","5000","0","","5000","ศูนย์","Pro_Jun26","","-รอบคัน60","เสร็จสิ้น","Green","","","","24/6/2569 10:05:57","","","","",""
"JOB-260622-B0B","CUS-260622-D73","นัท","26/6/2569","8:30","ลูกค้าใหม่","Toyota Yaris Cross","อ 0562","ขาว","3M Ultra Clear","เต็มคัน, ซันรูฟ","13900","200","Review: facebook, Review: Google Map","13700","ศูนย์","Pro_Jun26","","-มัดจำ 300บาท","คิวใหม่","","","","","22/6/2569 14:21:36","","","","",""
"JOB-260622-0D3","CUS-260622-388","นัท","22/6/2569","14:30","ลูกค้าใหม่","Mazda 2","9 กฉ 8123","ขาว","3M Absolute","บานหลัง","2300","0","","2300","ร้าน","Pro_Jun26","","-บานหลัง60","เสร็จสิ้น","Green","","","","23/6/2569 8:33:57","","","","",""
"JOB-260622-7AB","CUS-260622-F69","พี่เมย์","22/6/2569","15:30","ลูกค้าใหม่","Changan Deepal S05","8 กต 567","ขาว","Cooper TPU","ซันรูฟ","7125","0","ส่วนลดลูกค้าเก่า","7125","ร้าน","Pro_TPU50off","","ลูกค้าชื่อคุณเกด  Mazda 3  ศส 7892 062-254-9715","เสร็จสิ้น","Green","","","","22/6/2569 15:33:55","","","","",""
"JOB-260622-1D3","CUS-260622-142","พี่เมย์","27/6/2569","10:00","ลูกค้าใหม่","Toyota Altis","2ขญ 1491","ขาว","3M Absolute","เต็มคัน","6800","0","","6800","ศูนย์","Pro_Jun26","","-","คิวใหม่","","","","","22/6/2569 18:20:13","","","","",""
"JOB-260622-ED4","CUS-260622-BA7","พี่เมย์","27/6/2569","13:00","ลูกค้าใหม่","Nissan Almera","9กภ 4694","ขาว","รอเลือก","เต็มคัน","0","0","","0","ศูนย์","Pro_Jun26","","","คิวใหม่","","","","","22/6/2569 17:48:23","","","","",""
"JOB-260622-3AA","CUS-260622-B0B","พี่เมย์","27/6/2569","13:00","ลูกค้าใหม่","Mazda 2","7กย 1580","ขาว","Hi-Kool Beyond","เต็มคัน","7200","0","","7200","ศูนย์","Pro_Jun26","","","คิวใหม่","","","","","22/6/2569 18:00:51","","","","",""
"JOB-260623-AE2","CUS-260623-38C","นัท","23/6/2569","8:30","ลูกค้าใหม่","Subaru XV","4 กฆ 858","ขาว","G-TEC","เต็มคัน","3300","0","","3300","ร้าน","Pro_Jun26","","-บานหน้า40/รอบคัน60","เสร็จสิ้น","","","","","23/6/2569 10:34:47","","","","",""
"JOB-260623-736","CUS-260623-A11","นัท","23/6/2569","10:00","ลูกค้าใหม่","GEELY EX2","ฒ 2291","แดง","3M Ultra Clear","เต็มคัน","12000","0","","12000","ศูนย์","Pro_Jun26","","-บานหน้า70/รอบคัน80","เสร็จสิ้น","Green","","","","23/6/2569 12:00:27","","","","",""
"JOB-260623-055","CUS-260623-2E6","พี่เมย์","24/6/2569","10:00","ลูกค้าใหม่","Toyota Yaris","7 กฐ 9232","ขาว","3M Absolute","เต็มคัน","6800","0","","6800","ศูนย์","Pro_Jun26","","-3บานหน้า60/3บานหลัง80","เสร็จสิ้น","","","","","24/6/2569 11:31:20","","","","",""
"JOB-260623-20F","CUS-260623-F8A","พี่เมย์","23/6/2569","13:00","ลูกค้าใหม่","Toyota Altis","2 กช 6773","ขาว","Hi-Kool CM","เต็มคัน","4000","0","","4000","ศูนย์","Pro_Jun26","","","เสร็จสิ้น","Blue","","","","23/6/2569 14:39:50","","","","",""
"JOB-260623-3C2","CUS-260623-EB2","นัท","23/6/2569","14:30","ลูกค้าใหม่","GEELY EX2","ย 1434","ขาว","Hi-Kool CM","เต็มคัน","4900","0","","4900","ศูนย์","Pro_Jun26","","-","เสร็จสิ้น","","","","","23/6/2569 14:50:47","","","","",""
"JOB-260623-1A0","CUS-260623-C1F","นัท","23/6/2569","15:00","ลูกค้าใหม่","Nissan Sylphy","กษ 8272","ขาว","Hi-Kool CM","เต็มคัน","4000","0","","4000","ศูนย์","Pro_Jun26","","","เสร็จสิ้น","","","","","23/6/2569 15:57:41","","","","",""
"JOB-260623-E67","CUS-260623-6A4","พี่เมย์","27/6/2569","10:00","ลูกค้าใหม่","Honda HRV","1 ขบ 2356","ขาว","Hi-Kool Beyond","เต็มคัน","7300","0","","7300","ศูนย์","Pro_Jun26","","-มัดจำ300บาท","คิวใหม่","","","","","23/6/2569 15:39:54","","","","",""
"JOB-260624-87A","CUS-260624-5EE","พี่เมย์","24/6/2569","13:00","ลูกค้าใหม่","Honda Freed","1กถ 6714","ขาว","G-TEC","เต็มคัน","4000","0","","4000","ร้าน","Pro_Jun26","","-บานหน้า60/รอบคัน80","เสร็จสิ้น","Green","","","","24/6/2569 15:14:43","","","","",""
"JOB-260625-A9A","CUS-260625-8F5","นัท","25/6/2569","13:00","ลูกค้าใหม่","MG S5","ฬ 8181","แดง","3M Ultra Clear","เต็มคัน, ซันรูฟ","14400","0","","14400","ศูนย์","Pro_Jun26","","-","ยกเลิก","Red","","","","25/6/2569 11:52:35","","","","",""
"JOB-260625-A18","CUS-260625-F80","นัท","25/6/2569","11:00","ลูกค้าใหม่","Honda Civic","4 กธ 2515","ขาว","G-TEC","เต็มคัน","3200","200","Review: facebook, Review: Google Map","3000","ร้าน","Pro_Jun26","","-","เสร็จสิ้น","","","","","25/6/2569 12:48:27","","","","",""
"JOB-260625-B1D","CUS-260625-E18","พี่เมย์","26/6/2569","13:00","ลูกค้าใหม่","Honda Stepwagon Spada","-","แดง","ผสม","เต็มคัน","16900","0","","16900","ร้าน","Pro_Jun26","","","คิวใหม่","","","","","25/6/2569 9:36:22","","","","",""
"JOB-260625-6A7","CUS-260625-A65","พี่เมย์","26/6/2569","14:30","ลูกค้าใหม่","Benz E350","-","ขาว","3M Ultra Clear","บานหน้า","5200","0","","5200","ร้าน","Pro_Jun26","","","คิวใหม่","","","","","25/6/2569 10:18:14","","","","",""
"JOB-260625-2D1","CUS-260625-4ED","พี่เมย์","3/7/2569","13:00","ลูกค้าใหม่","MG IM6","-","แดง","Cooper TPU","ซันรูฟ","14200","0","","14200","ร้าน","Pro_Jun26","","","คิวใหม่","","","","","25/6/2569 10:24:54","","","","",""
"JOB-260625-1F8","CUS-260625-5DB","นัท","5/7/2569","13:00","ลูกค้าใหม่","Toyota Altis","4 กฉ 7822","ขาว","3M Ceramate","เต็มคัน","4000","0","","4000","ศูนย์","Pro_Jun26","","มัดจำ 1000 บาท","คิวใหม่","","","","","25/6/2569 12:08:35","","","","",""
"JOB-260625-AD1","CUS-260625-69C","พี่เมย์","27/6/2569","14:30","ลูกค้าใหม่","Honda City","1กย 4717","ขาว","Hi-Kool CM","เต็มคัน","4000","200","Review: Google Map, Review: facebook","3800","ศูนย์","Pro_Jun26","","","คิวใหม่","","","","","25/6/2569 12:23:57","","","","",""
"JOB-260625-E0A","CUS-260625-51D","นัท","25/6/2569","14:30","ลูกค้าใหม่","Mazda 2 5D","5 กษ 5080","ขาว","G-TEC","เต็มคัน","3200","200","Review: facebook, Review: Google Map","3000","ร้าน","Pro_Jun26","","","เสร็จสิ้น","","","","","25/6/2569 15:15:28","","","","",""
"JOB-260625-EFE","CUS-260625-5E5","พี่เมย์","25/6/2569","13:00","ลูกค้าใหม่","Honda CRV","วอ 7707","ขาว","G-TEC","เต็มคัน","3700","200","Review: Google Map, Review: facebook","3500","ร้าน","Pro_Jun26","","","กำลังติดตั้ง","","","","","25/6/2569 15:09:21","","","","",""
"JOB-260625-C29","CUS-260625-53F","นัท","26/6/2569","10:00","ลูกค้าใหม่","Mazda 2","3 ขฐ 5268","ขาว","รอเลือก","เต็มคัน","0","0","","0","ศูนย์","Pro_Jun26","","","คิวใหม่","Orange","","","","25/6/2569 13:57:06","","","","",""
"JOB-260625-F5C","CUS-260625-941","นัท","25/6/2569","14:30","ลูกค้าใหม่","Honda Civic FC","9 กล 8846","ขาว","Hi-Kool Beyond","เต็มคัน","7200","200","Review: Google Map, Review: facebook","7000","ศูนย์","Pro_Jun26","","-","เสร็จสิ้น","","","","","25/6/2569 16:52:39","","","","",""
"JOB-260625-145","CUS-260625-B3A","พี่เมย์","26/6/2569","8:30","ลูกค้าใหม่","Toyota Vios","ฏบ 3753","ขาว","G-TEC","เต็มคัน","3200","0","","3200","ร้าน","Pro_Jun26","","","คิวใหม่","","","","","25/6/2569 14:21:54","","","","",""